{
  "articles": {
    "1641": {
      "checksum": "95f72d69",
      "code": "CODE_CIVIL",
      "id": "1641",
      "isValid": true,
      "label": "Code civil, art. 1641",
      "lastModified": "-5232038400000",
      "lastVerified": "2025-10-04",
      "priority": 5,
      "source": "LEGIFRANCE",
      "status": "VIGUEUR",
      "text": "Le vendeur est tenu de la garantie à raison des défauts cachés de la chose vendue qui la rendent impropre à l'usage auquel on la destine, ou qui diminuent tellement cet usage que l'acheteur ne l'aurait pas acquise, ou n'en aurait donné qu'un moindre prix, s'il les avait connus.",
      "url": "https://www.legifrance.gouv.fr/codes/article_lc/LEGIARTI000006441924",
      "wordCount": 49
    },
    "1642": {
      "checksum": "d2a21dcc",
      "code": "CODE_CIVIL",
      "id": "1642",
      "isValid": true,
      "label": "Code civil, art. 1642",
      "lastModified": "-5231606400000",
      "lastVerified": "2025-10-04",
      "priority": 5,
      "source": "LEGIFRANCE",
      "status": "VIGUEUR",
      "text": "Le vendeur n'est pas tenu des vices apparents et dont l'acheteur a pu se convaincre lui-même.",
      "url": "https://www.legifrance.gouv.fr/codes/article_lc/LEGIARTI000006441932",
      "wordCount": 16
    },
    "1642-1": {
      "checksum": "1b6d4993",
      "code": "CODE_CIVIL",
      "id": "1642-1",
      "isValid": true,
      "label": "Code civil, art. 1642-1",
      "lastModified": "1238198400000",
      "lastVerified": "2025-10-04",
      "priority": 5,
      "source": "LEGIFRANCE",
      "status": "VIGUEUR",
      "text": "Le vendeur d'un immeuble à construire ne peut être déchargé, ni avant la réception des travaux, ni avant l'expiration d'un délai d'un mois après la prise de possession par l'acquéreur, des vices de construction ou des défauts de conformité alors apparents. Il n'y aura pas lieu à résolution du contrat ou à diminution du prix si le vendeur s'oblige à réparer.",
      "url": "https://www.legifrance.gouv.fr/codes/article_lc/LEGIARTI000020466326",
      "wordCount": 61
    },
    "1643": {
      "checksum": "d4ebd066",
      "code": "CODE_CIVIL",
      "id": "1643",
      "isValid": true,
      "label": "Code civil, art. 1643",
      "lastModified": "-5231606400000",
      "lastVerified": "2025-10-04",
      "priority": 5,
      "source": "LEGIFRANCE",
      "status": "VIGUEUR",
      "text": "Il est tenu des vices cachés, quand même il ne les aurait pas connus, à moins que, dans ce cas, il n'ait stipulé qu'il ne sera obligé à aucune garantie.",
      "url": "https://www.legifrance.gouv.fr/codes/article_lc/LEGIARTI000006441953",
      "wordCount": 30
    },
    "1644": {
      "checksum": "ec989330",
      "code": "CODE_CIVIL",
      "id": "1644",
      "isValid": true,
      "label": "Code civil, art. 1644",
      "lastModified": "1424217600000",
      "lastVerified": "2025-10-04",
      "priority": 5,
      "source": "LEGIFRANCE",
      "status": "VIGUEUR",
      "text": "Dans le cas des articles 1641 et 1643, l'acheteur a le choix de rendre la chose et de se faire restituer le prix, ou de garder la chose et de se faire rendre une partie du prix.",
      "url": "https://www.legifrance.gouv.fr/codes/article_lc/LEGIARTI000030254091",
      "wordCount": 37
    },
    "1645": {
      "checksum": "b6c3a3ec",
      "code": "CODE_CIVIL",
      "id": "1645",
      "isValid": true,
      "label": "Code civil, art. 1645",
      "lastModified": "-5231606400000",
      "lastVerified": "2025-10-04",
      "priority": 5,
      "source": "LEGIFRANCE",
      "status": "VIGUEUR",
      "text": "Si le vendeur connaissait les vices de la chose, il est tenu, outre la restitution du prix qu'il en a reçu, de tous les dommages et intérêts envers l'acheteur.",
      "url": "https://www.legifrance.gouv.fr/codes/article_lc/LEGIARTI000006441972",
      "wordCount": 29
    },
    "1646": {
      "checksum": "8ad5abb2",
      "code": "CODE_CIVIL",
      "id": "1646",
      "isValid": true,
      "label": "Code civil, art. 1646",
      "lastModified": "-5231606400000",
      "lastVerified": "2025-10-04",
      "priority": 5,
      "source": "LEGIFRANCE",
      "status": "VIGUEUR",
      "text": "Si le vendeur ignorait les vices de la chose, il ne sera tenu qu'à la restitution du prix, et à rembourser à l'acquéreur les frais occasionnés par la vente.",
      "url": "https://www.legifrance.gouv.fr/codes/article_lc/LEGIARTI000006441982",
      "wordCount": 29
    },
    "1646-1": {
      "checksum": "10bfec0e",
      "code": "CODE_CIVIL",
      "id": "1646-1",
      "isValid": true,
      "label": "Code civil, art. 1646-1",
      "lastModified": "283996800000",
      "lastVerified": "2025-10-04",
      "priority": 5,
      "source": "LEGIFRANCE",
      "status": "VIGUEUR",
      "text": "Le vendeur d'un immeuble à construire est tenu, à compter de la réception des travaux, des obligations dont les architectes, entrepreneurs et autres personnes liées au maître de l'ouvrage par un contrat de louage d'ouvrage sont eux-mêmes tenus en application des articles 1792, 1792-1, 1792-2 et 1792-3 du présent code. Ces garanties bénéficient aux propriétaires successifs de l'immeuble. Il n'y aura pas lieu à résolution de la vente ou à diminution du prix si le vendeur s'oblige à réparer les dommages définis aux articles 1792, 1792-1 et 1792-2 du présent code et à assumer la garantie prévue à l'article 1792-3.",
      "url": "https://www.legifrance.gouv.fr/codes/article_lc/LEGIARTI000006441992",
      "wordCount": 100
    },
    "1647": {
      "checksum": "f760aab8",
      "code": "CODE_CIVIL",
      "id": "1647",
      "isValid": true,
      "label": "Code civil, art. 1647",
      "lastModified": "-5231606400000",
      "lastVerified": "2025-10-04",
      "priority": 5,
      "source": "LEGIFRANCE",
      "status": "VIGUEUR",
      "text": "Si la chose qui avait des vices a péri par suite de sa mauvaise qualité, la perte est pour le vendeur, qui sera tenu envers l'acheteur à la restitution du prix et aux autres dédommagements expliqués dans les deux articles précédents. Mais la perte arrivée par cas fortuit sera pour le compte de l'acheteur.",
      "url": "https://www.legifrance.gouv.fr/codes/article_lc/LEGIARTI000006442003",
      "wordCount": 54
    },
    "1648": {
      "checksum": "71a618cc",
      "code": "CODE_CIVIL",
      "id": "1648",
      "isValid": true,
      "label": "Code civil, art. 1648",
      "lastModified": "1238198400000",
      "lastVerified": "2025-10-04",
      "priority": 5,
      "source": "LEGIFRANCE",
      "status": "VIGUEUR",
      "text": "L'action résultant des vices rédhibitoires doit être intentée par l'acquéreur dans un délai de deux ans à compter de la découverte du vice. Dans le cas prévu par l'article 1642-1, l'action doit être introduite, à peine de forclusion, dans l'année qui suit la date à laquelle le vendeur peut être déchargé des vices ou des défauts de conformité apparents.",
      "url": "https://www.legifrance.gouv.fr/codes/article_lc/LEGIARTI000020466328",
      "wordCount": 59
    },
    "1649": {
      "checksum": "7046dad4",
      "code": "CODE_CIVIL",
      "id": "1649",
      "isValid": true,
      "label": "Code civil, art. 1649",
      "lastModified": "-5231606400000",
      "lastVerified": "2025-10-04",
      "priority": 5,
      "source": "LEGIFRANCE",
      "status": "VIGUEUR",
      "text": "Elle n'a pas lieu dans les ventes faites par autorité de justice.",
      "url": "https://www.legifrance.gouv.fr/codes/article_lc/LEGIARTI000006442022",
      "wordCount": 12
    },
    "808": {
      "checksum": "5ac0bfd4",
      "code": "CODE_PROCEDURE_CIVILE",
      "id": "808",
      "isValid": true,
      "label": "Code de procédure civile, art. 808",
      "lastModified": "1577836800000",
      "lastVerified": "2025-10-04",
      "priority": 5,
      "source": "LEGIFRANCE",
      "status": "VIGUEUR",
      "text": "La demande est formée par un avocat, ou par un officier public ou ministériel dans les cas où ce dernier y est habilité par les dispositions en vigueur.",
      "url": "https://www.legifrance.gouv.fr/codes/article_lc/LEGIARTI000039623592",
      "wordCount": 28
    },
    "843": {
      "checksum": "d0dd69ac",
      "code": "CODE_PROCEDURE_CIVILE",
      "id": "843",
      "isValid": true,
      "label": "Code de procédure civile, art. 843",
      "lastModified": "1756684800000",
      "lastVerified": "2025-10-04",
      "priority": 5,
      "source": "LEGIFRANCE",
      "status": "VIGUEUR",
      "text": "Le tribunal est saisi par la remise d'une copie de l'assignation au greffe. Cette remise doit être faite avant la date fixée pour l'audience faute de quoi l'assignation sera caduque. La caducité est constatée d'office par ordonnance du président de la chambre à laquelle l'affaire est distribuée. A tout moment de la procédure, les parties peuvent donner expressément leur accord pour que la procédure se déroule sans audience conformément aux dispositions de l'article L. 212-5-1 du code de l'organisation judiciaire . Dans ce cas, le président de la chambre organise les échanges entre les parties. Celles-ci formulent leurs prétentions et leurs moyens par écrit. La communication entre elles est faite par notification entre avocats et il en est justifié auprès du président de la chambre dans les délais qu'il impartit. Il peut faire application des dispositions prévues au troisième alinéa de l'article 446-2 et à l'article 446-3. Il fixe la date avant laquelle les parties doivent communiquer au greffe leurs prétentions, moyens et pièces. A cette date, le greffe informe les parties de la date à laquelle le jugement sera rendu. Celui-ci est contradictoire. Le président de la chambre peut décider d'organiser une audience s'il estime qu'il n'est pas possible de rendre une décision au regard des preuves écrites ou si l'une des parties en fait la demande.",
      "url": "https://www.legifrance.gouv.fr/codes/article_lc/LEGIARTI000051869353",
      "wordCount": 218
    },
    "844": {
      "checksum": "836732db",
      "code": "CODE_PROCEDURE_CIVILE",
      "id": "844",
      "isValid": true,
      "label": "Code de procédure civile, art. 844",
      "lastModified": "1577836800000",
      "lastVerified": "2025-10-04",
      "priority": 5,
      "source": "LEGIFRANCE",
      "status": "VIGUEUR",
      "text": "Le jour de l'audience, le président s'assure qu'il s'est écoulé un temps suffisant depuis l'assignation pour que la partie assignée ait pu préparer sa défense. Si le défendeur a constitué avocat, l'affaire est plaidée sur-le-champ en l'état où elle se trouve, même en l'absence de conclusions du défendeur ou sur simples conclusions verbales. En cas de nécessité, le président de la chambre peut user des pouvoirs prévus à l'article 779 ou renvoyer l'affaire devant le juge de la mise en état. Si le défendeur n'a pas constitué avocat, il est procédé selon les règles prévues à l'article 778.",
      "url": "https://www.legifrance.gouv.fr/codes/article_lc/LEGIARTI000039623709",
      "wordCount": 98
    },
    "845": {
      "checksum": "6f1b0e26",
      "code": "CODE_PROCEDURE_CIVILE",
      "id": "845",
      "isValid": true,
      "label": "Code de procédure civile, art. 845",
      "lastModified": "1577836800000",
      "lastVerified": "2025-10-04",
      "priority": 5,
      "source": "LEGIFRANCE",
      "status": "VIGUEUR",
      "text": "Le président du tribunal judiciaire ou le juge des contentieux de la protection est saisi par requête dans les cas spécifiés par la loi.\nIl peut également ordonner sur requête toutes mesures urgentes lorsque les circonstances exigent qu'elles ne soient pas prises contradictoirement.\nLes requêtes afférentes à une instance en cours sont présentées au président de la chambre saisie ou à laquelle l'affaire a été distribuée ou au juge déjà saisi.",
      "url": "https://www.legifrance.gouv.fr/codes/article_lc/LEGIARTI000039623707",
      "wordCount": 71
    },
    "846": {
      "checksum": "a6b31fad",
      "code": "CODE_PROCEDURE_CIVILE",
      "id": "846",
      "isValid": true,
      "label": "Code de procédure civile, art. 846",
      "lastModified": "1577836800000",
      "lastVerified": "2025-10-04",
      "priority": 5,
      "source": "LEGIFRANCE",
      "status": "VIGUEUR",
      "text": "La requête est présentée par un avocat ou par un officier public ou ministériel dans les cas où ce dernier y est habilité par les dispositions en vigueur.\nDans les cas où les parties sont dispensées de représentation par avocat, la requête est remise ou adressée au greffe par le requérant ou par tout mandataire. Si elle est présentée à l'occasion d'une instance, elle doit indiquer la juridiction saisie.",
      "url": "https://www.legifrance.gouv.fr/codes/article_lc/LEGIARTI000039623705",
      "wordCount": 69
    },
    "847": {
      "checksum": "4c343971",
      "code": "CODE_PROCEDURE_CIVILE",
      "id": "847",
      "isValid": true,
      "label": "Code de procédure civile, art. 847",
      "lastModified": "1577836800000",
      "lastVerified": "2025-10-04",
      "priority": 5,
      "source": "LEGIFRANCE",
      "status": "VIGUEUR",
      "text": "Lorsque, dans les conditions et selon les modalités prévues par le code de procédure pénale, une affaire a été renvoyée devant le tribunal judiciaire afin qu'il soit statué, en application des règles du droit civil, sur la réparation de tous les dommages résultant des faits qui ont fondé la poursuite, le greffe convoque à l'audience, un mois au moins à l'avance et par lettre recommandée avec demande d'avis de réception, les parties à l'instance civile qui avait été engagée devant la juridiction pénale ainsi que les tiers responsables mentionnés dans la décision de renvoi. La convocation à laquelle est annexée une copie de la décision de renvoi vaut citation en justice. Le greffe convoque les parties à l'audience dans un délai maximal de deux mois. La convocation précise si la représentation à l'audience par avocat est obligatoire. Elle indique en tout état de cause que même s'ils ne comparaissent pas, des décisions exécutoires à titre provisoire seront prises contre les parties autres que la victime du dommage et contre les tiers responsables mentionnés dans la décision de renvoi sauf décision contraire du juge. Les organismes de sécurité sociale, le fonds de garantie des assurances obligatoires de dommages ou le fonds de garantie des victimes des actes de terrorisme et d'autres infractions, s'ils sont intervenus devant la juridiction pénale, sont convoqués à la même audience au moyen d'une lettre recommandée avec demande d'avis de réception adressée par le greffe. Une copie de la décision de renvoi est annexée à la convocation. A l'audience, lorsque la représentation par avocat est obligatoire, il est procédé comme il est dit aux articles 776 à 779. A défaut il est procédé comme il est dit aux articles 827 à 833. Une provision peut être accordée en référé dans les conditions prévues par l'article 835.",
      "url": "https://www.legifrance.gouv.fr/codes/article_lc/LEGIARTI000039623703",
      "wordCount": 299
    },
    "L.217-10": {
      "checksum": "805b99c3",
      "code": "CODE_CONSOMMATION",
      "id": "L.217-10",
      "isValid": true,
      "label": "Code de la consommation, art. L.217-10",
      "lastModified": "1633046400000",
      "lastVerified": "2025-10-04",
      "priority": 5,
      "source": "LEGIFRANCE",
      "status": "VIGUEUR",
      "text": "La mise en conformité du bien a lieu dans un délai raisonnable qui ne peut être supérieur à trente jours suivant la demande du consommateur et sans inconvénient majeur pour lui, compte tenu de la nature du bien et de l'usage recherché par le consommateur.\nLa réparation ou le remplacement du bien non conforme inclut, s'il y a lieu, l'enlèvement et la reprise de ce bien et l'installation du bien réparé ou du bien de remplacement par le vendeur.\nUn décret précise les modalités de la mise en conformité du bien.",
      "url": "https://www.legifrance.gouv.fr/codes/article_lc/LEGIARTI000044142554",
      "wordCount": 91
    },
    "L.217-11": {
      "checksum": "44c3b366",
      "code": "CODE_CONSOMMATION",
      "id": "L.217-11",
      "isValid": true,
      "label": "Code de la consommation, art. L.217-11",
      "lastModified": "1633046400000",
      "lastVerified": "2025-10-04",
      "priority": 5,
      "source": "LEGIFRANCE",
      "status": "VIGUEUR",
      "text": "La mise en conformité du bien a lieu sans aucun frais pour le consommateur.\nLe consommateur n'est pas tenu de payer pour l'utilisation normale qu'il a faite du bien remplacé pendant la période antérieure à son remplacement.",
      "url": "https://www.legifrance.gouv.fr/codes/article_lc/LEGIARTI000044142610",
      "wordCount": 37
    },
    "L.217-12": {
      "checksum": "d6e22fd8",
      "code": "CODE_CONSOMMATION",
      "id": "L.217-12",
      "isValid": true,
      "label": "Code de la consommation, art. L.217-12",
      "lastModified": "1633046400000",
      "lastVerified": "2025-10-04",
      "priority": 5,
      "source": "LEGIFRANCE",
      "status": "VIGUEUR",
      "text": "Le vendeur peut ne pas procéder selon le choix opéré par le consommateur si la mise en conformité sollicitée est impossible ou entraîne des coûts disproportionnés au regard notamment : 1° De la valeur qu'aurait le bien en l'absence de défaut de conformité ; 2° De l'importance du défaut de conformité ; et 3° De la possibilité éventuelle d'opter pour l'autre choix sans inconvénient majeur pour le consommateur. Le vendeur peut refuser la mise en conformité du bien si celle-ci est impossible ou entraîne des coûts disproportionnés notamment au regard des 1° et 2°. Lorsque ces conditions ne sont pas respectées, le consommateur peut, après mise en demeure, poursuivre l'exécution forcée en nature de la solution initialement sollicitée, conformément aux articles 1221 et suivants du code civil. Tout refus par le vendeur de procéder selon le choix du consommateur ou de mettre le bien en conformité, est motivé par écrit ou sur support durable.",
      "url": "https://www.legifrance.gouv.fr/codes/article_lc/LEGIARTI000044152610",
      "wordCount": 154
    },
    "L.217-13": {
      "checksum": "ad6839f1",
      "code": "CODE_CONSOMMATION",
      "id": "L.217-13",
      "isValid": true,
      "label": "Code de la consommation, art. L.217-13",
      "lastModified": "1633046400000",
      "lastVerified": "2025-10-04",
      "priority": 5,
      "source": "LEGIFRANCE",
      "status": "VIGUEUR",
      "text": "Tout bien réparé dans le cadre de la garantie légale de conformité bénéficie d'une extension de cette garantie de six mois.\nDès lors que le consommateur fait le choix de la réparation mais que celle-ci n'est pas mise en œuvre par le vendeur, la mise en conformité par le remplacement du bien fait courir, au bénéfice du consommateur, un nouveau délai de garantie légale de conformité attaché au bien remplacé. Cette disposition s'applique à compter du jour où le bien de remplacement est délivré au consommateur.",
      "url": "https://www.legifrance.gouv.fr/codes/article_lc/LEGIARTI000044142545",
      "wordCount": 86
    },
    "L.217-14": {
      "checksum": "28c6182c",
      "code": "CODE_CONSOMMATION",
      "id": "L.217-14",
      "isValid": true,
      "label": "Code de la consommation, art. L.217-14",
      "lastModified": "1633046400000",
      "lastVerified": "2025-10-04",
      "priority": 5,
      "source": "LEGIFRANCE",
      "status": "VIGUEUR",
      "text": "Le consommateur a droit à une réduction du prix du bien ou à la résolution du contrat dans les cas suivants :\n1° Lorsque le professionnel refuse toute mise en conformité ;\n2° Lorsque la mise en conformité intervient au-delà d'un délai de trente jours suivant la demande du consommateur ou si elle lui occasionne un inconvénient majeur ;\n3° Si le consommateur supporte définitivement les frais de reprise ou d'enlèvement du bien non conforme, ou s'il supporte l'installation du bien réparé ou de remplacement ou les frais y afférents ;\n4° Lorsque la non-conformité du bien persiste en dépit de la tentative de mise en conformité du vendeur restée infructueuse.\nLe consommateur a également droit à une réduction du prix du bien ou à la résolution du contrat lorsque le défaut de conformité est si grave qu'il justifie que la réduction du prix ou la résolution du contrat soit immédiate. Le consommateur n'est alors pas tenu de demander la réparation ou le remplacement du bien au préalable.\nLe consommateur n'a pas droit à la résolution de la vente si le défaut de conformité est mineur, ce qu'il incombe au vendeur de démontrer. Le présent alinéa n'est pas applicable aux contrats dans lesquels le consommateur ne procède pas au paiement d'un prix.",
      "url": "https://www.legifrance.gouv.fr/codes/article_lc/LEGIARTI000044142539",
      "wordCount": 212
    },
    "L.217-15": {
      "checksum": "3675805b",
      "code": "CODE_CONSOMMATION",
      "id": "L.217-15",
      "isValid": true,
      "label": "Code de la consommation, art. L.217-15",
      "lastModified": "1633046400000",
      "lastVerified": "2025-10-04",
      "priority": 5,
      "source": "LEGIFRANCE",
      "status": "VIGUEUR",
      "text": "Dans les cas prévus à l'article L. 217-14, le consommateur informe le vendeur de sa décision d'obtenir une réduction du prix du bien. La réduction du prix est proportionnelle à la différence entre la valeur du bien délivré et la valeur de ce bien en l'absence du défaut de conformité.",
      "url": "https://www.legifrance.gouv.fr/codes/article_lc/LEGIARTI000044142594",
      "wordCount": 50
    },
    "L.217-16": {
      "checksum": "9e37a703",
      "code": "CODE_CONSOMMATION",
      "id": "L.217-16",
      "isValid": true,
      "label": "Code de la consommation, art. L.217-16",
      "lastModified": "1633046400000",
      "lastVerified": "2025-10-04",
      "priority": 5,
      "source": "LEGIFRANCE",
      "status": "VIGUEUR",
      "text": "Dans les cas prévus à l'article L. 217-14, le consommateur informe le vendeur de sa décision de résoudre le contrat. Il restitue les biens au vendeur aux frais de ce dernier. Le vendeur rembourse au consommateur le prix payé et restitue tout autre avantage reçu au titre du contrat. Si le défaut de conformité ne porte que sur certains biens délivrés en vertu du contrat de vente, le consommateur a le droit à la résolution du contrat pour l'ensemble des biens, même ceux non couverts par le présent chapitre, si l'on ne peut raisonnablement attendre de lui qu'il accepte de garder les seuls biens conformes. Pour les contrats mentionnés au II de l'article L. 217-1, prévoyant la vente de biens et, à titre accessoire, la fourniture de services non couverts par le présent chapitre, le consommateur a droit à la résolution de l'ensemble du contrat. En outre, dans le cas d'une offre groupée au sens de l'article L. 224-42-2, le consommateur a le droit à la résolution de l'ensemble des contrats y afférents. Les obligations respectives des parties au contrat, mentionnées à l'article L. 224-25-22 et relatives aux conséquences de la résolution pour les contenus numériques et les services numériques, sont applicables à la résolution du contrat de vente d'un bien comportant des éléments numériques.",
      "url": "https://www.legifrance.gouv.fr/codes/article_lc/LEGIARTI000044142535",
      "wordCount": 215
    },
    "L.217-17": {
      "checksum": "819602fc",
      "code": "CODE_CONSOMMATION",
      "id": "L.217-17",
      "isValid": true,
      "label": "Code de la consommation, art. L.217-17",
      "lastModified": "1633046400000",
      "lastVerified": "2025-10-04",
      "priority": 5,
      "source": "LEGIFRANCE",
      "status": "VIGUEUR",
      "text": "Le remboursement au consommateur des sommes dues par le vendeur au titre de la présente sous-section est effectué dès réception du bien ou de la preuve de son renvoi par le consommateur et au plus tard dans les quatorze jours suivants.\nLe vendeur rembourse ces sommes en recourant au même moyen de paiement que celui utilisé par le consommateur lors de la conclusion du contrat, sauf accord exprès de ce dernier et en tout état de cause sans frais supplémentaire.",
      "url": "https://www.legifrance.gouv.fr/codes/article_lc/LEGIARTI000044142531",
      "wordCount": 80
    },
    "L.217-18": {
      "checksum": "ca2b6c83",
      "code": "CODE_CONSOMMATION",
      "id": "L.217-18",
      "isValid": true,
      "label": "Code de la consommation, art. L.217-18",
      "lastModified": "1633046400000",
      "lastVerified": "2025-10-04",
      "priority": 5,
      "source": "LEGIFRANCE",
      "status": "VIGUEUR",
      "text": "Les mises à jour d'un bien comportant des éléments numériques sont régies par la présente sous-section.\nPour l'application de la présente sous-section, on entend par mises à jour, les mises à jour ou les modifications visant à maintenir, adapter ou faire évoluer les fonctionnalités du bien, y compris les mises à jour de sécurité, que ces mises à jour soient nécessaires ou non au maintien de la conformité du bien.",
      "url": "https://www.legifrance.gouv.fr/codes/article_lc/LEGIARTI000044142527",
      "wordCount": 70
    },
    "L.217-19": {
      "checksum": "a8f5a4fb",
      "code": "CODE_CONSOMMATION",
      "id": "L.217-19",
      "isValid": true,
      "label": "Code de la consommation, art. L.217-19",
      "lastModified": "1633046400000",
      "lastVerified": "2025-10-04",
      "priority": 5,
      "source": "LEGIFRANCE",
      "status": "VIGUEUR",
      "text": "I.-Le vendeur veille à ce que le consommateur soit informé et reçoive les mises à jour nécessaires au maintien de la conformité des biens :\n1° Durant une période à laquelle le consommateur peut légitimement s'attendre, eu égard au type et à la finalité des biens et éléments numériques et compte tenu des circonstances et de la nature du contrat, dans le cas d'une opération de fourniture unique du contenu numérique ou du service numérique ;\n2° Durant une période de deux ans à compter du moment où les biens comportant des éléments numériques ont été délivrés, lorsque le contrat de vente prévoit la fourniture continue du contenu numérique ou du service numérique pendant une certaine période ;\n3° Durant la période pendant laquelle le contenu numérique ou le service numérique est fourni en vertu du contrat lorsque celui-ci en prévoit la fourniture continue pendant une durée supérieure à deux ans.\nII.-Lorsque le consommateur n'installe pas, dans un délai raisonnable, les mises à jour mentionnées au I, le vendeur n'est pas responsable des défauts de conformité résultant uniquement de la non-installation des mises à jour concernées, à condition que :\n1° Le vendeur ait informé le consommateur de la disponibilité des mises à jour et des conséquences de leur non-installation par le consommateur ; et\n2° La non-installation ou l'installation incorrecte par le consommateur des mises à jour ne soit pas due à des lacunes dans les instructions d'installation fournies au consommateur.",
      "url": "https://www.legifrance.gouv.fr/codes/article_lc/LEGIARTI000044142523",
      "wordCount": 242
    },
    "L.217-20": {
      "checksum": "dbd66e00",
      "code": "CODE_CONSOMMATION",
      "id": "L.217-20",
      "isValid": true,
      "label": "Code de la consommation, art. L.217-20",
      "lastModified": "1633046400000",
      "lastVerified": "2025-10-04",
      "priority": 5,
      "source": "LEGIFRANCE",
      "status": "VIGUEUR",
      "text": "S'agissant des mises à jour qui ne sont pas nécessaires au maintien de la conformité du bien, le vendeur respecte les conditions suivantes : 1° Le contrat autorise le principe de telles mises à jour et en fournit une raison valable ; 2° Le vendeur informe le consommateur, de manière claire et compréhensible, raisonnablement en avance et sur un support durable, de la mise à jour envisagée en lui précisant la date à laquelle elle intervient ; 3° La mise à jour est effectuée sans coût supplémentaire pour le consommateur ; 4° Le vendeur informe le consommateur que celui-ci est en droit de refuser la mise à jour ou, le cas échéant, de la désinstaller, si la mise à jour a une incidence négative sur son accès au contenu numérique ou au service numérique ou à son utilisation de ceux-ci. Dans ce dernier cas, la résolution du contrat est de droit et sans frais pour le consommateur, dans un délai maximal de trente jours, à moins que la mise à jour n'ait qu'une incidence mineure pour lui. Le consommateur ne peut toutefois résoudre le contrat si le vendeur lui a proposé de conserver le contenu numérique ou le service numérique sans modification, y compris au moyen d'une désinstallation de la mise à jour, et si ce dernier demeure en conformité dans les conditions prévues à la présente section. Lorsque le consommateur exerce son droit à la résolution du contrat, les dispositions des articles L. 217-16 et L. 217-17 s'appliquent. Le présent article n'est pas applicable en cas d'offre groupée au sens de l'article L. 224-42-2.",
      "url": "https://www.legifrance.gouv.fr/codes/article_lc/LEGIARTI000044142519",
      "wordCount": 265
    },
    "L.217-21": {
      "checksum": "83e61b19",
      "code": "CODE_CONSOMMATION",
      "id": "L.217-21",
      "isValid": true,
      "label": "Code de la consommation, art. L.217-21",
      "lastModified": "1633046400000",
      "lastVerified": "2025-10-04",
      "priority": 5,
      "source": "LEGIFRANCE",
      "status": "VIGUEUR",
      "text": "La garantie commerciale s'entend de tout engagement contractuel d'un professionnel, qu'il s'agisse du vendeur ou du producteur, y compris par l'intermédiaire de toute autre personne agissant en leur nom ou pour leur compte (ci-après dénommé “ garant ”), à l'égard du consommateur. Cet engagement a pour objet le remboursement du prix d'achat, le remplacement, la réparation du bien ou toute autre prestation de service en relation avec le bien, ou encore toute exigence éventuelle non liée à la conformité et énoncée dans la garantie commerciale, en sus des obligations légales du vendeur visant à garantir la conformité du bien.\nToute garantie commerciale lie le garant conformément aux conditions qu'elle prévoit ou aux conditions indiquées dans la publicité qui en a été faite antérieurement à la conclusion du contrat si les conditions de cette publicité sont plus favorables, sauf si le garant démontre que la publicité a été rectifiée avant la conclusion du contrat selon des modalités identiques ou comparables à la publicité initiale.",
      "url": "https://www.legifrance.gouv.fr/codes/article_lc/LEGIARTI000044142516",
      "wordCount": 163
    },
    "L.217-22": {
      "checksum": "8969a845",
      "code": "CODE_CONSOMMATION",
      "id": "L.217-22",
      "isValid": true,
      "label": "Code de la consommation, art. L.217-22",
      "lastModified": "1640995200000",
      "lastVerified": "2025-10-04",
      "priority": 5,
      "source": "LEGIFRANCE",
      "status": "VIGUEUR",
      "text": "La garantie commerciale est fournie au consommateur de manière lisible et compréhensible sur tout support durable, et au plus tard au moment de la délivrance du bien. Elle précise le contenu de la garantie commerciale, les modalités de sa mise en œuvre, son prix, sa durée, son étendue territoriale ainsi que le nom et les coordonnées postales et téléphoniques du garant. En cas de non-respect de ces dispositions, la garantie commerciale demeure contraignante pour le garant. En outre, la garantie commerciale indique, de façon claire et précise, qu'elle s'applique sans préjudice du droit pour le consommateur de bénéficier de la garantie légale de conformité, dans les conditions prévues au présent chapitre, et de celle relative aux vices cachés, dans les conditions prévues aux articles 1641 à 1649 du code civil. Un décret fixe les modalités de cette information.",
      "url": "https://www.legifrance.gouv.fr/codes/article_lc/LEGIARTI000044564974",
      "wordCount": 138
    },
    "L.217-23": {
      "checksum": "05934181",
      "code": "CODE_CONSOMMATION",
      "id": "L.217-23",
      "isValid": true,
      "label": "Code de la consommation, art. L.217-23",
      "lastModified": "1640995200000",
      "lastVerified": "2025-10-04",
      "priority": 5,
      "source": "LEGIFRANCE",
      "status": "VIGUEUR",
      "text": "Le producteur peut consentir au consommateur une garantie commerciale l'engageant pendant une période donnée, supérieure à deux ans, dénommée “ garantie commerciale de durabilité ”. S'il propose une telle garantie commerciale de durabilité, le producteur est directement tenu, à l'égard du consommateur, de réparer ou de remplacer le bien, pendant la période indiquée dans l'offre de garantie commerciale de durabilité ; il est également tenu de mettre celle-ci en œuvre dans des conditions identiques à la garantie légale.\nLe producteur peut offrir au consommateur des conditions plus favorables que celles décrites au premier alinéa.\nLes exigences prévues à l'article L. 217-22 sont applicables à la garantie commerciale de durabilité.",
      "url": "https://www.legifrance.gouv.fr/codes/article_lc/LEGIARTI000044564972",
      "wordCount": 109
    },
    "L.217-24": {
      "checksum": "6523fb30",
      "code": "CODE_CONSOMMATION",
      "id": "L.217-24",
      "isValid": true,
      "label": "Code de la consommation, art. L.217-24",
      "lastModified": "1633046400000",
      "lastVerified": "2025-10-04",
      "priority": 5,
      "source": "LEGIFRANCE",
      "status": "VIGUEUR",
      "text": "I.-Tout professionnel opérant dans un secteur économique mentionné au III du présent article peut demander à l'autorité administrative chargée de la concurrence et de la consommation de prendre formellement position sur la conformité aux articles L. 217-21 à L. 217-23 de la garantie commerciale qu'il envisage de mettre en place. Cette prise de position formelle a pour objet de prémunir ce professionnel d'un changement d'appréciation de l'autorité administrative qui serait de nature à l'exposer à la sanction administrative prévue à l'article L. 241-14. L'autorité administrative prend formellement position sur cette demande dans un délai fixé par décret en Conseil d'Etat. Le silence gardé par l'autorité administrative à l'issue de ce délai vaut rejet de cette demande. II.-La validité de la prise de position mentionnée au I prend fin à compter de la date à laquelle : 1° La situation du professionnel n'est plus identique à celle présentée dans sa demande ; 2° Est entrée en vigueur une modification de dispositions législatives ou réglementaires de nature à affecter cette validité ; 3° L'autorité administrative notifie au professionnel, après l'avoir préalablement informé, la modification de son appréciation. III.-Un décret en Conseil d'Etat précise les secteurs économiques mentionnés au I, dans lesquels se posent des difficultés particulières en matière de garantie commerciale appréciées en fonction de l'importance des manquements et des plaintes qui y sont constatés, de l'importance du surcoût supporté par les consommateurs lié à la garantie commerciale ou de la nature et de la récurrence des difficultés d'interprétation qu'y font naître les règles relatives aux garanties commerciales.",
      "url": "https://www.legifrance.gouv.fr/codes/article_lc/LEGIARTI000044139941",
      "wordCount": 256
    },
    "L.217-25": {
      "checksum": "d656100c",
      "code": "CODE_CONSOMMATION",
      "id": "L.217-25",
      "isValid": true,
      "label": "Code de la consommation, art. L.217-25",
      "lastModified": "1633046400000",
      "lastVerified": "2025-10-04",
      "priority": 5,
      "source": "LEGIFRANCE",
      "status": "VIGUEUR",
      "text": "La prestation de service après-vente au sens du présent chapitre s'entend de tout service afférent au bien vendu exécuté par le vendeur ne relevant pas de la garantie légale et n'étant pas prévu par une garantie commerciale. Elle fait l'objet d'un contrat dont un exemplaire est remis au consommateur.",
      "url": "https://www.legifrance.gouv.fr/codes/article_lc/LEGIARTI000044139944",
      "wordCount": 49
    },
    "L.217-26": {
      "checksum": "aa428d89",
      "code": "CODE_CONSOMMATION",
      "id": "L.217-26",
      "isValid": true,
      "label": "Code de la consommation, art. L.217-26",
      "lastModified": "1633046400000",
      "lastVerified": "2025-10-04",
      "priority": 5,
      "source": "LEGIFRANCE",
      "status": "VIGUEUR",
      "text": "Lorsqu'il propose des réparations forfaitaires, le vendeur informe le consommateur par écrit ou sur un support durable, au plus tard lors de la conclusion du contrat, le cas échéant, de l'origine de la panne, de la nature de l'intervention envisagée et des pièces à remplacer.\nIl informe dans les mêmes conditions le consommateur que ce dernier ne bénéficie pas de la garantie légale de conformité pour les pièces ou fournitures fournies à titre accessoire dans le cadre de la prestation effectuée, à moins que celles-ci constituent l'objet principal du contrat conclu ou qu'elles n'aient été acquises par le consommateur dans le cadre d'un contrat de vente distinct.",
      "url": "https://www.legifrance.gouv.fr/codes/article_lc/LEGIARTI000044139946",
      "wordCount": 107
    },
    "L.217-27": {
      "checksum": "8f436ac3",
      "code": "CODE_CONSOMMATION",
      "id": "L.217-27",
      "isValid": true,
      "label": "Code de la consommation, art. L.217-27",
      "lastModified": "1633046400000",
      "lastVerified": "2025-10-04",
      "priority": 5,
      "source": "LEGIFRANCE",
      "status": "VIGUEUR",
      "text": "Les dispositions de la présente section sont également applicables au producteur et aux professionnels, autres que le vendeur, lorsqu'ils proposent des prestations de services après-vente.",
      "url": "https://www.legifrance.gouv.fr/codes/article_lc/LEGIARTI000044139948",
      "wordCount": 25
    },
    "L.217-28": {
      "checksum": "2b2c795e",
      "code": "CODE_CONSOMMATION",
      "id": "L.217-28",
      "isValid": true,
      "label": "Code de la consommation, art. L.217-28",
      "lastModified": "1633046400000",
      "lastVerified": "2025-10-04",
      "priority": 5,
      "source": "LEGIFRANCE",
      "status": "VIGUEUR",
      "text": "Lorsque le consommateur demande au garant, pendant le cours de la garantie légale ou de la garantie commerciale qui lui a été consentie lors de l'acquisition ou de la réparation d'un bien, une remise en état couverte par cette garantie, toute période d'immobilisation suspend la garantie qui restait à courir jusqu'à la délivrance du bien remis en état.\nCette période court à compter de la demande d'intervention du consommateur ou de la mise à disposition pour réparation ou remplacement du bien en cause, si ce point de départ s'avère plus favorable au consommateur.\nLe délai de garantie est également suspendu lorsque le consommateur et le garant entrent en négociation en vue d'un règlement à l'amiable.",
      "url": "https://www.legifrance.gouv.fr/codes/article_lc/LEGIARTI000044139957",
      "wordCount": 115
    },
    "L.217-3": {
      "checksum": "ab197b13",
      "code": "CODE_CONSOMMATION",
      "id": "L.217-3",
      "isValid": true,
      "label": "Code de la consommation, art. L.217-3",
      "lastModified": "1633046400000",
      "lastVerified": "2025-10-04",
      "priority": 5,
      "source": "LEGIFRANCE",
      "status": "VIGUEUR",
      "text": "Le vendeur délivre un bien conforme au contrat ainsi qu'aux critères énoncés à l'article L. 217-5. Il répond des défauts de conformité existant au moment de la délivrance du bien au sens de l'article L. 216-1, qui apparaissent dans un délai de deux ans à compter de celle-ci. Dans le cas d'un contrat de vente d'un bien comportant des éléments numériques : 1° Lorsque le contrat prévoit la fourniture continue d'un contenu numérique ou d'un service numérique pendant une durée inférieure ou égale à deux ans, ou lorsque le contrat ne détermine pas la durée de fourniture, le vendeur répond des défauts de conformité de ce contenu numérique ou de ce service numérique qui apparaissent dans un délai de deux ans à compter de la délivrance du bien ; 2° Lorsque le contrat prévoit la fourniture continue d'un contenu numérique ou d'un service numérique pendant une durée supérieure à deux ans, le vendeur répond des défauts de conformité de ce contenu numérique ou de ce service numérique qui apparaissent au cours de la période durant laquelle celui-ci est fourni en vertu du contrat. Pour de tels biens, le délai applicable ne prive pas le consommateur de son droit aux mises à jour conformément aux dispositions de l'article L. 217-19. Le vendeur répond également, durant les mêmes délais, des défauts de conformité résultant de l'emballage, des instructions de montage, ou de l'installation lorsque celle-ci a été mise à sa charge par le contrat ou a été réalisée sous sa responsabilité, ou encore lorsque l'installation incorrecte, effectuée par le consommateur comme prévu au contrat, est due à des lacunes ou erreurs dans les instructions d'installation fournies par le vendeur. Ce délai de garantie s'applique sans préjudice des articles 2224 et suivants du code civil. Le point de départ de la prescription de l'action du consommateur est le jour de la connaissance par ce dernier du défaut de conformité.",
      "url": "https://www.legifrance.gouv.fr/codes/article_lc/LEGIARTI000044142579",
      "wordCount": 316
    },
    "L.217-4": {
      "checksum": "4fb4c3d5",
      "code": "CODE_CONSOMMATION",
      "id": "L.217-4",
      "isValid": true,
      "label": "Code de la consommation, art. L.217-4",
      "lastModified": "1633046400000",
      "lastVerified": "2025-10-04",
      "priority": 5,
      "source": "LEGIFRANCE",
      "status": "VIGUEUR",
      "text": "Le bien est conforme au contrat s'il répond notamment, le cas échéant, aux critères suivants :\n1° Il correspond à la description, au type, à la quantité et à la qualité, notamment en ce qui concerne la fonctionnalité, la compatibilité, l'interopérabilité, ou toute autre caractéristique prévues au contrat ;\n2° Il est propre à tout usage spécial recherché par le consommateur, porté à la connaissance du vendeur au plus tard au moment de la conclusion du contrat et que ce dernier a accepté ;\n3° Il est délivré avec tous les accessoires et les instructions d'installation, devant être fournis conformément au contrat ;\n4° Il est mis à jour conformément au contrat.",
      "url": "https://www.legifrance.gouv.fr/codes/article_lc/LEGIARTI000044142575",
      "wordCount": 112
    },
    "L.217-5": {
      "checksum": "67d7b3f5",
      "code": "CODE_CONSOMMATION",
      "id": "L.217-5",
      "isValid": true,
      "label": "Code de la consommation, art. L.217-5",
      "lastModified": "1633046400000",
      "lastVerified": "2025-10-04",
      "priority": 5,
      "source": "LEGIFRANCE",
      "status": "VIGUEUR",
      "text": "I.-En plus des critères de conformité au contrat, le bien est conforme s'il répond aux critères suivants : 1° Il est propre à l'usage habituellement attendu d'un bien de même type, compte tenu, s'il y a lieu, de toute disposition du droit de l'Union européenne et du droit national ainsi que de toutes les normes techniques ou, en l'absence de telles normes techniques, des codes de conduite spécifiques applicables au secteur concerné ; 2° Le cas échéant, il possède les qualités que le vendeur a présentées au consommateur sous forme d'échantillon ou de modèle, avant la conclusion du contrat ; 3° Le cas échéant, les éléments numériques qu'il comporte sont fournis selon la version la plus récente qui est disponible au moment de la conclusion du contrat, sauf si les parties en conviennent autrement ; 4° Le cas échéant, il est délivré avec tous les accessoires, y compris l'emballage, et les instructions d'installation que le consommateur peut légitimement attendre ; 5° Le cas échéant, il est fourni avec les mises à jour que le consommateur peut légitimement attendre, conformément aux dispositions de l'article L. 217-19 ; 6° Il correspond à la quantité, à la qualité et aux autres caractéristiques, y compris en termes de durabilité, de fonctionnalité, de compatibilité et de sécurité, que le consommateur peut légitimement attendre pour des biens de même type, eu égard à la nature du bien ainsi qu'aux déclarations publiques faites par le vendeur, par toute personne en amont dans la chaîne de transactions, ou par une personne agissant pour leur compte, y compris dans la publicité ou sur l'étiquetage. II.-Toutefois, le vendeur n'est pas tenu par toutes déclarations publiques mentionnées à l'alinéa qui précède s'il démontre : 1° Qu'il ne les connaissait pas et n'était légitimement pas en mesure de les connaître ; 2° Qu'au moment de la conclusion du contrat, les déclarations publiques avaient été rectifiées dans des conditions comparables aux déclarations initiales ; ou 3° Que les déclarations publiques n'ont pas pu avoir d'influence sur la décision d'achat. III.-Le consommateur ne peut contester la conformité en invoquant un défaut concernant une ou plusieurs caractéristiques particulières du bien, dont il a été spécifiquement informé qu'elles s'écartaient des critères de conformité énoncés au présent article, écart auquel il a expressément et séparément consenti lors de la conclusion du contrat.",
      "url": "https://www.legifrance.gouv.fr/codes/article_lc/LEGIARTI000044142571",
      "wordCount": 385
    },
    "L.217-6": {
      "checksum": "365476c6",
      "code": "CODE_CONSOMMATION",
      "id": "L.217-6",
      "isValid": true,
      "label": "Code de la consommation, art. L.217-6",
      "lastModified": "1633046400000",
      "lastVerified": "2025-10-04",
      "priority": 5,
      "source": "LEGIFRANCE",
      "status": "VIGUEUR",
      "text": "Lorsqu'à l'occasion du contrat, un traitement de données à caractère personnel est opéré par le professionnel, un manquement de sa part aux obligations lui incombant au titre du règlement (UE) 2016/679 du 27 avril 2016 et de la loi n° 78-17 du 6 janvier 1978 relative à l'informatique, aux fichiers et aux libertés, dès lors que ce manquement entraîne le non-respect d'un ou de plusieurs critères de conformité énoncés à la présente section, est assimilé à un défaut de conformité, sans préjudice des autres recours prévus par ces textes.",
      "url": "https://www.legifrance.gouv.fr/codes/article_lc/LEGIARTI000044142567",
      "wordCount": 89
    },
    "L.217-7": {
      "checksum": "ba93f4fd",
      "code": "CODE_CONSOMMATION",
      "id": "L.217-7",
      "isValid": true,
      "label": "Code de la consommation, art. L.217-7",
      "lastModified": "1633046400000",
      "lastVerified": "2025-10-04",
      "priority": 5,
      "source": "LEGIFRANCE",
      "status": "VIGUEUR",
      "text": "Les défauts de conformité qui apparaissent dans un délai de vingt-quatre mois à compter de la délivrance du bien, y compris du bien comportant des éléments numériques, sont, sauf preuve contraire, présumés exister au moment de la délivrance, à moins que cette présomption ne soit incompatible avec la nature du bien ou du défaut invoqué.\nPour les biens d'occasion, ce délai est fixé à douze mois.\nLorsque le contrat de vente d'un bien comportant des éléments numériques prévoit la fourniture continue d'un contenu numérique ou d'un service numérique, sont présumés exister au moment de la délivrance du bien les défauts de conformité qui apparaissent :\n1° Durant un délai de deux ans à compter de la délivrance du bien, lorsque le contrat prévoit cette fourniture pendant une durée inférieure ou égale à deux ans ou lorsque le contrat ne détermine pas la durée de fourniture ;\n2° Durant la période durant laquelle le contenu numérique ou le service numérique est fourni en vertu du contrat, lorsque celui-ci prévoit cette fourniture pendant une durée supérieure à deux ans.",
      "url": "https://www.legifrance.gouv.fr/codes/article_lc/LEGIARTI000044152587",
      "wordCount": 177
    },
    "L.217-8": {
      "checksum": "fcd8b1c4",
      "code": "CODE_CONSOMMATION",
      "id": "L.217-8",
      "isValid": true,
      "label": "Code de la consommation, art. L.217-8",
      "lastModified": "1633046400000",
      "lastVerified": "2025-10-04",
      "priority": 5,
      "source": "LEGIFRANCE",
      "status": "VIGUEUR",
      "text": "En cas de défaut de conformité, le consommateur a droit à la mise en conformité du bien par réparation ou remplacement ou, à défaut, à la réduction du prix ou à la résolution du contrat, dans les conditions énoncées à la présente sous-section.\nLe consommateur a, par ailleurs, le droit de suspendre le paiement de tout ou partie du prix ou la remise de l'avantage prévu au contrat jusqu'à ce que le vendeur ait satisfait aux obligations qui lui incombent au titre du présent chapitre, dans les conditions des articles 1219 et 1220 du code civil.\nLes dispositions du présent chapitre sont sans préjudice de l'allocation de dommages et intérêts.",
      "url": "https://www.legifrance.gouv.fr/codes/article_lc/LEGIARTI000044142560",
      "wordCount": 110
    },
    "L.217-9": {
      "checksum": "4f25cc3a",
      "code": "CODE_CONSOMMATION",
      "id": "L.217-9",
      "isValid": true,
      "label": "Code de la consommation, art. L.217-9",
      "lastModified": "1633046400000",
      "lastVerified": "2025-10-04",
      "priority": 5,
      "source": "LEGIFRANCE",
      "status": "VIGUEUR",
      "text": "Le consommateur est en droit d'exiger la mise en conformité du bien aux critères énoncés dans la sous-section 1 de la présente section.\nLe consommateur sollicite auprès du vendeur la mise en conformité du bien, en choisissant entre la réparation et le remplacement. A cette fin, le consommateur met le bien à la disposition du vendeur.",
      "url": "https://www.legifrance.gouv.fr/codes/article_lc/LEGIARTI000044152553",
      "wordCount": 56
    },
    "L.224-25-12": {
      "checksum": "cc9970c1",
      "code": "CODE_CONSOMMATION",
      "id": "L.224-25-12",
      "isValid": true,
      "label": "Code de la consommation, art. L.224-25-12",
      "lastModified": "1633046400000",
      "lastVerified": "2025-10-04",
      "priority": 5,
      "source": "LEGIFRANCE",
      "status": "VIGUEUR",
      "text": "Le professionnel fournit un contenu numérique ou un service numérique conforme au contrat ainsi qu'aux critères énoncés à l'article L. 224-25-14. Lorsque le contrat prévoit une opération de fourniture ponctuelle du contenu numérique ou du service numérique, ou une série d'opérations de fourniture distinctes, le professionnel répond des défauts de conformité existant au moment de la fourniture et qui apparaissent dans un délai de deux ans à compter de celle-ci. Lorsque le contrat prévoit que le contenu numérique ou le service numérique est fourni de manière continue, le professionnel répond des défauts de conformité qui apparaissent au cours de la période durant laquelle celui-ci est fourni en vertu du contrat. Le délai applicable ne prive pas le consommateur de son droit aux mises à jour conformément aux dispositions de l'article L. 224-25-25. Le professionnel répond également, dans les mêmes délais, des défauts de conformité résultant de l'intégration incorrecte du contenu numérique ou du service numérique dans l'environnement numérique du consommateur lorsque celle-ci a été réalisée par le professionnel ou sous sa responsabilité, ou encore lorsque l'intégration incorrecte réalisée par le consommateur résulte de lacunes dans les instructions que le professionnel a fournies. Ce délai de garantie s'applique sans préjudice des articles 2224 et suivants du code civil. Le point de départ de la prescription de l'action du consommateur est le jour de la connaissance par ce dernier du défaut de conformité.",
      "url": "https://www.legifrance.gouv.fr/codes/article_lc/LEGIARTI000044132956",
      "wordCount": 231
    },
    "L.612-1": {
      "checksum": "285ee017",
      "code": "CODE_CONSOMMATION",
      "id": "L.612-1",
      "isValid": true,
      "label": "Code de la consommation, art. L.612-1",
      "lastModified": "1467331200000",
      "lastVerified": "2025-10-04",
      "priority": 5,
      "source": "LEGIFRANCE",
      "status": "VIGUEUR",
      "text": "Tout consommateur a le droit de recourir gratuitement à un médiateur de la consommation en vue de la résolution amiable du litige qui l'oppose à un professionnel. A cet effet, le professionnel garantit au consommateur le recours effectif à un dispositif de médiation de la consommation.Le professionnel peut mettre en place son propre dispositif de médiation de la consommation ou proposer au consommateur le recours à tout autre médiateur de la consommation répondant aux exigences du présent titre.Lorsqu'il existe un médiateur de la consommation dont la compétence s'étend à l'ensemble des entreprises d'un domaine d'activité économique dont il relève, le professionnel permet toujours au consommateur d'y recourir.Les modalités selon lesquelles le processus de médiation est mis en œuvre sont précisées par décret en Conseil d'Etat.",
      "url": "https://www.legifrance.gouv.fr/codes/article_lc/LEGIARTI000032224805",
      "wordCount": 125
    },
    "L.612-2": {
      "checksum": "b2a64d23",
      "code": "CODE_CONSOMMATION",
      "id": "L.612-2",
      "isValid": true,
      "label": "Code de la consommation, art. L.612-2",
      "lastModified": "1467331200000",
      "lastVerified": "2025-10-04",
      "priority": 5,
      "source": "LEGIFRANCE",
      "status": "VIGUEUR",
      "text": "Un litige ne peut être examiné par le médiateur de la consommation lorsque :1° Le consommateur ne justifie pas avoir tenté, au préalable, de résoudre son litige directement auprès du professionnel par une réclamation écrite selon les modalités prévues, le cas échéant, dans le contrat ;2° La demande est manifestement infondée ou abusive ;3° Le litige a été précédemment examiné ou est en cours d'examen par un autre médiateur ou par un tribunal ;4° Le consommateur a introduit sa demande auprès du médiateur dans un délai supérieur à un an à compter de sa réclamation écrite auprès du professionnel ;5° Le litige n'entre pas dans son champ de compétence.Le consommateur est informé par le médiateur, dans un délai de trois semaines à compter de la réception de son dossier, du rejet de sa demande de médiation.",
      "url": "https://www.legifrance.gouv.fr/codes/article_lc/LEGIARTI000032224802",
      "wordCount": 136
    },
    "L.612-3": {
      "checksum": "054a661c",
      "code": "CODE_CONSOMMATION",
      "id": "L.612-3",
      "isValid": true,
      "label": "Code de la consommation, art. L.612-3",
      "lastModified": "1467331200000",
      "lastVerified": "2025-10-04",
      "priority": 5,
      "source": "LEGIFRANCE",
      "status": "VIGUEUR",
      "text": "La médiation des litiges de consommation est soumise à l'obligation de confidentialité prévue par l'article 21-3 de la loi n° 95-125 du 8 février 1995 relative à l'organisation des juridictions et de la procédure civile, pénale et administrative.",
      "url": "https://www.legifrance.gouv.fr/codes/article_lc/LEGIARTI000032224800",
      "wordCount": 38
    },
    "L.612-4": {
      "checksum": "90c2a1db",
      "code": "CODE_CONSOMMATION",
      "id": "L.612-4",
      "isValid": true,
      "label": "Code de la consommation, art. L.612-4",
      "lastModified": "1467331200000",
      "lastVerified": "2025-10-04",
      "priority": 5,
      "source": "LEGIFRANCE",
      "status": "VIGUEUR",
      "text": "Est interdite toute clause ou convention obligeant le consommateur, en cas de litige, à recourir obligatoirement à une médiation préalablement à la saisine du juge.",
      "url": "https://www.legifrance.gouv.fr/codes/article_lc/LEGIARTI000032224798",
      "wordCount": 25
    },
    "L.612-5": {
      "checksum": "20cff790",
      "code": "CODE_CONSOMMATION",
      "id": "L.612-5",
      "isValid": true,
      "label": "Code de la consommation, art. L.612-5",
      "lastModified": "1467331200000",
      "lastVerified": "2025-10-04",
      "priority": 5,
      "source": "LEGIFRANCE",
      "status": "VIGUEUR",
      "text": "Lorsqu'un médiateur public est compétent pour procéder à la médiation d'un litige de consommation, ce litige ne peut donner lieu à d'autres procédures de médiation conventionnelle, au sens du présent titre, sous réserve de l'existence d'une convention, notifiée à la commission d'évaluation et de contrôle de la médiation mentionnée à l'article L. 615-1, qui répartit les litiges entre les médiateurs concernés.",
      "url": "https://www.legifrance.gouv.fr/codes/article_lc/LEGIARTI000032224796",
      "wordCount": 61
    },
    "L.811-1": {
      "checksum": "2a039668",
      "code": "CODE_CONSOMMATION",
      "id": "L.811-1",
      "isValid": true,
      "label": "Code de la consommation, art. L.811-1",
      "lastModified": "1467331200000",
      "lastVerified": "2025-10-04",
      "priority": 5,
      "source": "LEGIFRANCE",
      "status": "VIGUEUR",
      "text": "Les associations de défense des consommateurs peuvent être agréées après avis du ministère public.Les conditions dans lesquelles ces associations peuvent être agréées compte tenu de leur représentativité sur le plan national ou local ainsi que les conditions de retrait de cet agrément sont fixées par décret.",
      "url": "https://www.legifrance.gouv.fr/codes/article_lc/LEGIARTI000032224261",
      "wordCount": 46
    },
    "LIMINAIRE": {
      "checksum": "704b416f",
      "code": "CODE_CONSOMMATION",
      "id": "LIMINAIRE",
      "isValid": true,
      "label": "Code de la consommation, art. LIMINAIRE",
      "lastModified": "1713916800000",
      "lastVerified": "2025-10-04",
      "priority": 5,
      "source": "LEGIFRANCE",
      "status": "VIGUEUR",
      "text": "Pour l'application du présent code, on entend par :1° Consommateur : toute personne physique qui agit à des fins qui n'entrent pas dans le cadre de son activité commerciale, industrielle, artisanale, libérale ou agricole ;2° Non-professionnel : toute personne morale qui n'agit pas à des fins professionnelles ;3° Professionnel : toute personne physique ou morale, publique ou privée, qui agit à des fins entrant dans le cadre de son activité commerciale, industrielle, artisanale, libérale ou agricole, y compris lorsqu'elle agit au nom ou pour le compte d'un autre professionnel ;4° Producteur : le fabricant d'un bien, l'importateur d'un bien dans l'Union européenne ou toute autre personne qui se présente comme producteur en apposant sur le bien son nom, sa marque ou un autre signe distinctif ;5° Bien comportant des éléments numériques : tout bien meuble corporel qui intègre un contenu numérique ou un service numérique ou qui est interconnecté avec un tel contenu ou un tel service, de manière telle que l'absence de ce contenu numérique ou de ce service numérique empêcherait le bien de remplir ses fonctions ;6° Contenu numérique : des données produites et fournies sous forme numérique ;7° Service numérique : un service permettant au consommateur de créer, de traiter ou de stocker des données sous forme numérique ou d'y accéder, ou un service permettant le partage ou toute autre interaction avec des données sous forme numérique qui sont téléversées ou créées par le consommateur ou d'autres utilisateurs de ce service ;8° Support durable : tout instrument permettant au consommateur ou au professionnel de stocker des informations qui lui sont adressées personnellement afin de pouvoir s'y reporter ultérieurement pendant un laps de temps adapté aux fins auxquelles les informations sont destinées et qui permet la reproduction à l'identique des informations stockées ;9° Fonctionnalité : la capacité d'un bien, d'un contenu numérique ou d'un service numérique à remplir ses fonctions eu égard à sa finalité ;10° Compatibilité : la capacité d'un bien, d'un contenu numérique ou d'un service numérique à fonctionner avec du matériel informatique ou des logiciels, avec lesquels des biens, des contenus numériques ou des services numériques de même type sont normalement utilisés, sans qu'il soit nécessaire de convertir lesdits biens, matériels, logiciels, contenus numériques ou services numériques ;11° Interopérabilité : la capacité d'un bien, d'un contenu numérique ou d'un service numérique à fonctionner avec du matériel informatique ou des logiciels différents de ceux avec lesquels des biens, des contenus numériques ou des services numériques de même type sont normalement utilisés ;12° Durabilité : la capacité d'un bien à maintenir les fonctions et performances requises dans le cadre d'un usage normal ;13° Données à caractère personnel : les données à caractère personnel telles que définies à l'article 4, point 1, du règlement (UE) 2016/679 du 27 avril 2016 relatif à la protection des personnes physiques à l'égard du traitement des données à caractère personnel et à la libre circulation de ces données ;14° Place de marché en ligne : un service utilisant un logiciel, y compris un site internet, une partie de site internet ou une application, exploité par un professionnel ou pour son compte, qui permet aux consommateurs de conclure des contrats à distance avec d'autres professionnels ou consommateurs ;15° Plateforme en ligne : une plateforme en ligne au sens du i de l'article 3 du règlement (UE) 2022/2065 du Parlement européen et du Conseil du 19 octobre 2022 relatif à un marché intérieur des services numériques et modifiant la directive 2000/31/ CE (règlement sur les services numériques) ;16° Pratique commerciale : toute action, omission, conduite, démarche ou communication commerciale, y compris la publicité et le marketing, de la part d'un professionnel, en relation directe avec la promotion, la vente ou la fourniture d'un bien, d'un service, ou portant sur des droits et obligations ;17° Moteur de recherche en ligne : un moteur de recherche en ligne au sens du j de l'article 3 du règlement (UE) 2022/2065 du Parlement européen et du Conseil du 19 octobre 2022 précité ;18° Comparateur en ligne : tout service de communication au public en ligne consistant en la fourniture d'informations permettant la comparaison des prix et des caractéristiques de biens et de services proposés par des professionnels ;19° Prestataire de service : toute personne qui offre ou fournit un service.",
      "url": "https://www.legifrance.gouv.fr/codes/article_lc/LEGIARTI000049464063",
      "wordCount": 712
    }
  },
  "metadata": {
    "checksum": "c367f20f62f6",
    "coverage": 100.0,
    "lastUpdated": "2025-10-04T11:16:08",
    "totalArticles": 51,
    "validArticles": 51,
    "version": "2.3.0"
  }
}
