{
  "808": {
    "text": "Article 3\nVersion en vigueur depuis le 26 juin 1987\n      La mise en conformité avec la réglementation de droit commun des véhicules de transport en commun de personnes du ministère de la défense, qui répondent à la définition de l'arrêté du 2 juillet 1982 susvisé, s'effectuera selon les modalités particulières suivantes :\n\n   1° Ralentisseur.\n\n   En ce qui concerne les véhicules visés au second alinéa de l'article 104 de l'arrêté du 2 juillet 1982 susvisé, les dispositions de l'article 37 de ce même arrêté sont applicables au ministère de la défense à compter du 1er octobre 1989.\n\n   2° Siège de convoyeur.\n\n   Il est procédé à l'enlèvement pur et simple des sièges de convoyeur qui ne pourraient être mis techniquement en conformité avec la réglementation.\n\n   3° Véhicules avec sièges constitués de banquettes disposées parallèlement à l'axe longitudinal.\n\n   En ce qui concerne les véhicules visés au second alinéa de l'article 107 de l'arrêté du 2 juillet 1982 susvisé, les dispositions de l'article 48 de ce même arrêté sont applicables à compter du 1er octobre 1989.\n\n   4° Véhicules spécialement aménagés pour le transport de personnes handicapées en fauteuil roulant.\n\n   Les dispositions de l'article 109 de l'arrêté du 2 juillet 1982 susvisé ne sont pas applicables au ministère de la défense.",
    "lastVerified": "2025-09-09"
  },
  "843": {
    "text": "Article 804\nVersion en vigueur depuis le 31 juillet 2023\nLe juge de la mise en état fait un rapport oral de l'affaire à l'audience avant les plaidoiries. Exceptionnellement, le rapport peut être fait par le président de la chambre ou un autre juge qu'il désigne.\n\n Le rapport expose l'objet de la demande et les moyens des parties, il précise les questions de fait et de droit soulevées par le litige et fait mention des éléments propres à éclairer le débat, sans faire connaître l'avis du magistrat qui en est l'auteur.\n\nConformément au I de l’article 55 du décret n° 2019-1333 du 11 décembre 2019, les présentes dispositions entrent en vigueur le 1er janvier 2020 et sont applicables aux instances en cours à cette date.",
    "lastVerified": "2025-09-09"
  },
  "844": {
    "text": "Article 805\nVersion en vigueur depuis le 31 juillet 2023\nLe juge de la mise en état ou le magistrat chargé du rapport peut, si les avocats ne s'y opposent pas, tenir seul l'audience pour entendre les plaidoiries. Il en rend compte au tribunal dans son délibéré.\n\nConformément au I de l’article 55 du décret n° 2019-1333 du 11 décembre 2019, les présentes dispositions entrent en vigueur le 1er janvier 2020 et sont applicables aux instances en cours à cette date.",
    "lastVerified": "2025-09-09"
  },
  "845": {
    "text": "Article 806\nVersion en vigueur depuis le 31 juillet 2023\nLorsqu'il a été fait application des dispositions du quatrième alinéa de l'article 799, le président de la chambre, à l'expiration du délai prévu pour la remise des dossiers, informe les parties du nom des juges de la chambre qui seront amenés à délibérer et de la date à laquelle le jugement sera rendu.\n\nIl est procédé comme il est dit à l'article 444 lorsque le tribunal estime qu'il n'est pas possible de rendre une décision au regard des preuves écrites ou si l'une des parties en fait la demande.\n\nConformément à l'article 6 du décret n° 2022-245 du 25 février 2022, ces dispositions entrent en vigueur le lendemain de la publication dudit décret. Toutefois, elles sont applicables aux instances en cours.",
    "lastVerified": "2025-09-09"
  },
  "846": {
    "text": "Article 807\nVersion en vigueur depuis le 31 juillet 2023\nLes mesures d'instruction ordonnées par le tribunal sont exécutées sous le contrôle du juge de la mise en état, sous réserve des dispositions du troisième alinéa de l'article 155.\n\nDès l'accomplissement d'une mesure d'instruction, le président de la chambre à laquelle l'affaire a été distribuée la renvoie à l'audience du tribunal ou au juge de la mise en état comme il est dit à la section 2 ci-dessus.\n\nConformément au I de l’article 55 du décret n° 2019-1333 du 11 décembre 2019, les présentes dispositions entrent en vigueur le 1er janvier 2020 et sont applicables aux instances en cours à cette date.",
    "lastVerified": "2025-09-09"
  },
  "847": {
    "text": "Article 808\nVersion en vigueur depuis le 01 janvier 2020\nModifié par Décret n°2019-1333 du 11 décembre 2019 - art. 4\n\nLa demande est formée par un avocat, ou par un officier public ou ministériel dans les cas où ce dernier y est habilité par les dispositions en vigueur.\n\nConformément au I de l’article 55 du décret n° 2019-1333 du 11 décembre 2019, les présentes dispositions entrent en vigueur le 1er janvier 2020 et sont applicables aux instances en cours à cette date.",
    "lastVerified": "2025-09-09"
  },
  "1641": {
    "text": "Article 21 (abrogé)\n\nVersion en vigueur du 01 octobre 1965 au 01 décembre 2005\nAbrogé par Décret n°2005-1476 du 29 novembre 2005 - art. 5 (V) JORF 1er décembre 2005",
    "lastVerified": "2025-09-09"
  },
  "1642": {
    "text": "Article 22 (abrogé)\n\nVersion en vigueur du 01 octobre 1965 au 01 décembre 2005\nAbrogé par Décret n°2005-1476 du 29 novembre 2005 - art. 5 (V) JORF 1er décembre 2005",
    "lastVerified": "2025-09-09"
  },
  "1643": {
    "text": "Article 23 (abrogé)\n\nVersion en vigueur du 01 octobre 1965 au 01 décembre 2005\nAbrogé par Décret n°2005-1476 du 29 novembre 2005 - art. 5 (V) JORF 1er décembre 2005",
    "lastVerified": "2025-09-09"
  },
  "1644": {
    "text": "Article 24 (abrogé)\n\nVersion en vigueur du 01 octobre 1965 au 01 décembre 2005\nAbrogé par Décret n°2005-1476 du 29 novembre 2005 - art. 5 (V) JORF 1er décembre 2005",
    "lastVerified": "2025-09-09"
  },
  "1645": {
    "text": "Article 25 (abrogé)\n\nVersion en vigueur du 01 octobre 1965 au 01 décembre 2005\nAbrogé par Décret n°2005-1476 du 29 novembre 2005 - art. 5 (V) JORF 1er décembre 2005",
    "lastVerified": "2025-09-09"
  },
  "1646": {
    "text": "Article 26 (abrogé)\n\nVersion en vigueur du 01 octobre 1965 au 01 janvier 2007\nAbrogé par Décret n°2006-1592 du 13 décembre 2006 - art. 32 (V) JORF 14 décembre 2006 en vigueur le 1er janvier 2007",
    "lastVerified": "2025-09-09"
  },
  "1647": {
    "text": "Article 1895\nVersion en vigueur depuis le 14 mai 2009\nModifié par LOI n°2009-526\n du 12 mai 2009 - art. 10\n\nL'obligation qui résulte d'un prêt en argent n'est toujours que de la somme énoncée au contrat.\n\nS'il y a eu augmentation ou diminution d'espèces avant l'époque du paiement, le débiteur doit rendre la somme prêtée, et ne doit rendre que cette somme dans les espèces ayant cours au moment du paiement.",
    "lastVerified": "2025-09-09"
  },
  "1648": {
    "text": "Article 2\nVersion en vigueur depuis le 28 avril 1965",
    "lastVerified": "2025-09-09"
  },
  "1649": {
    "text": "Article 1\nVersion en vigueur depuis le 14 janvier 2004\nModifié par Décret 2004-50 2004-01-13 art. 1 JORF 14 janvier 2004\nModifié par Décret n°93-739 du 29 mars 1993 - art. 27 (V) JORF 28 mars 1993 en vigueur le 1er juillet 1993",
    "lastVerified": "2025-09-09"
  },
  "L.217-3": {
    "text": "Article L217-3\nVersion en vigueur depuis le 01 octobre 2021\nModifié par Ordonnance n°2021-1247 du 29 septembre 2021 - art. 9\n\nLe vendeur délivre un bien conforme au contrat ainsi qu'aux critères énoncés à l'article L. 217-5.\n\nIl répond des défauts de conformité existant au moment de la délivrance du bien au sens de l'article L. 216-1, qui apparaissent dans un délai de deux ans à compter de celle-ci.\n\nDans le cas d'un contrat de vente d'un bien comportant des éléments numériques :\n\n1° Lorsque le contrat prévoit la fourniture continue d'un contenu numérique ou d'un service numérique pendant une durée inférieure ou égale à deux ans, ou lorsque le contrat ne détermine pas la durée de fourniture, le vendeur répond des défauts de conformité de ce contenu numérique ou de ce service numérique qui apparaissent dans un délai de deux ans à compter de la délivrance du bien ;\n\n2° Lorsque le contrat prévoit la fourniture continue d'un contenu numérique ou d'un service numérique pendant une durée supérieure à deux ans, le vendeur répond des défauts de conformité de ce contenu numérique ou de ce service numérique qui apparaissent au cours de la période durant laquelle celui-ci est fourni en vertu du contrat.\n\nPour de tels biens, le délai applicable ne prive pas le consommateur de son droit aux mises à jour conformément aux dispositions de l'article L. 217-19.\n\nLe vendeur répond également, durant les mêmes délais, des défauts de conformité résultant de l'emballage, des instructions de montage, ou de l'installation lorsque celle-ci a été mise à sa charge par le contrat ou a été réalisée sous sa responsabilité, ou encore lorsque l'installation incorrecte, effectuée par le consommateur comme prévu au contrat, est due à des lacunes ou erreurs dans les instructions d'installation fournies par le vendeur.\n\nCe délai de garantie s'applique sans préjudice des articles 2224 et suivants du code civil. Le point de départ de la prescription de l'action du consommateur est le jour de la connaissance par ce dernier du défaut de conformité.\n\nConformément à l'article 21 de l'ordonnance n° 2021-1247 du 29 septembre 2021, ces dispositions s'appliquent aux contrats conclus à compter du 1er janvier 2022.",
    "lastVerified": "2025-09-09"
  },
  "L.217-4": {
    "text": "Article L217-4\nVersion en vigueur depuis le 01 octobre 2021\nModifié par Ordonnance n°2021-1247 du 29 septembre 2021 - art. 9\n\nLe bien est conforme au contrat s'il répond notamment, le cas échéant, aux critères suivants :\n\n 1° Il correspond à la description, au type, à la quantité et à la qualité, notamment en ce qui concerne la fonctionnalité, la compatibilité, l'interopérabilité, ou toute autre caractéristique prévues au contrat ;\n\n 2° Il est propre à tout usage spécial recherché par le consommateur, porté à la connaissance du vendeur au plus tard au moment de la conclusion du contrat et que ce dernier a accepté ;\n\n 3° Il est délivré avec tous les accessoires et les instructions d'installation, devant être fournis conformément au contrat ;\n\n 4° Il est mis à jour conformément au contrat.\n\nConformément à l'article 21 de l'ordonnance n° 2021-1247 du 29 septembre 2021, ces dispositions s'appliquent aux contrats conclus à compter du 1er janvier 2022.",
    "lastVerified": "2025-09-09"
  },
  "L.217-5": {
    "text": "Article L217-5\nVersion en vigueur depuis le 01 octobre 2021\nModifié par Ordonnance n°2021-1247 du 29 septembre 2021 - art. 9\n\nI.-En plus des critères de conformité au contrat, le bien est conforme s'il répond aux critères suivants :\n\n1° Il est propre à l'usage habituellement attendu d'un bien de même type, compte tenu, s'il y a lieu, de toute disposition du droit de l'Union européenne et du droit national ainsi que de toutes les normes techniques ou, en l'absence de telles normes techniques, des codes de conduite spécifiques applicables au secteur concerné ;\n\n2° Le cas échéant, il possède les qualités que le vendeur a présentées au consommateur sous forme d'échantillon ou de modèle, avant la conclusion du contrat ;\n\n3° Le cas échéant, les éléments numériques qu'il comporte sont fournis selon la version la plus récente qui est disponible au moment de la conclusion du contrat, sauf si les parties en conviennent autrement ;\n\n4° Le cas échéant, il est délivré avec tous les accessoires, y compris l'emballage, et les instructions d'installation que le consommateur peut légitimement attendre ;\n\n5° Le cas échéant, il est fourni avec les mises à jour que le consommateur peut légitimement attendre, conformément aux dispositions de l'article L. 217-19 ;\n\n6° Il correspond à la quantité, à la qualité et aux autres caractéristiques, y compris en termes de durabilité, de fonctionnalité, de compatibilité et de sécurité, que le consommateur peut légitimement attendre pour des biens de même type, eu égard à la nature du bien ainsi qu'aux déclarations publiques faites par le vendeur, par toute personne en amont dans la chaîne de transactions, ou par une personne agissant pour leur compte, y compris dans la publicité ou sur l'étiquetage.\n\nII.-Toutefois, le vendeur n'est pas tenu par toutes déclarations publiques mentionnées à l'alinéa qui précède s'il démontre :\n\n1° Qu'il ne les connaissait pas et n'était légitimement pas en mesure de les connaître ;\n\n2° Qu'au moment de la conclusion du contrat, les déclarations publiques avaient été rectifiées dans des conditions comparables aux déclarations initiales ; ou\n\n3° Que les déclarations publiques n'ont pas pu avoir d'influence sur la décision d'achat.\n\nIII.-Le consommateur ne peut contester la conformité en invoquant un défaut concernant une ou plusieurs caractéristiques particulières du bien, dont il a été spécifiquement informé qu'elles s'écartaient des critères de conformité énoncés au présent article, écart auquel il a expressément et séparément consenti lors de la conclusion du contrat.\n\nConformément à l'article 21 de l'ordonnance n° 2021-1247 du 29 septembre 2021, ces dispositions s'appliquent aux contrats conclus à compter du 1er janvier 2022.",
    "lastVerified": "2025-09-09"
  },
  "L.217-6": {
    "text": "Article L217-6\nVersion en vigueur depuis le 01 octobre 2021\nModifié par Ordonnance n°2021-1247 du 29 septembre 2021 - art. 9\n\nLorsqu'à l'occasion du contrat, un traitement de données à caractère personnel est opéré par le professionnel, un manquement de sa part aux obligations lui incombant au titre du règlement (UE) 2016/679 du 27 avril 2016 et de la loi n° 78-17 du 6 janvier 1978 relative à l'informatique, aux fichiers et aux libertés, dès lors que ce manquement entraîne le non-respect d'un ou de plusieurs critères de conformité énoncés à la présente section, est assimilé à un défaut de conformité, sans préjudice des autres recours prévus par ces textes.\n\nConformément à l'article 21 de l'ordonnance n° 2021-1247 du 29 septembre 2021, ces dispositions s'appliquent aux contrats conclus à compter du 1er janvier 2022.",
    "lastVerified": "2025-09-09"
  },
  "L.217-7": {
    "text": "Article L217-7\nVersion en vigueur depuis le 01 octobre 2021\nModifié par Ordonnance n°2021-1247 du 29 septembre 2021 - art. 9\n\nLes défauts de conformité qui apparaissent dans un délai de vingt-quatre mois à compter de la délivrance du bien, y compris du bien comportant des éléments numériques, sont, sauf preuve contraire, présumés exister au moment de la délivrance, à moins que cette présomption ne soit incompatible avec la nature du bien ou du défaut invoqué.\n\nPour les biens d'occasion, ce délai est fixé à douze mois.\n\nLorsque le contrat de vente d'un bien comportant des éléments numériques prévoit la fourniture continue d'un contenu numérique ou d'un service numérique, sont présumés exister au moment de la délivrance du bien les défauts de conformité qui apparaissent :\n\n1° Durant un délai de deux ans à compter de la délivrance du bien, lorsque le contrat prévoit cette fourniture pendant une durée inférieure ou égale à deux ans ou lorsque le contrat ne détermine pas la durée de fourniture ;\n\n2° Durant la période durant laquelle le contenu numérique ou le service numérique est fourni en vertu du contrat, lorsque celui-ci prévoit cette fourniture pendant une durée supérieure à deux ans.\n\nConformément à l'article 21 de l'ordonnance n° 2021-1247 du 29 septembre 2021, ces dispositions s'appliquent aux contrats conclus à compter du 1er janvier 2022.",
    "lastVerified": "2025-09-09"
  },
  "L.217-8": {
    "text": "Article L217-8\nVersion en vigueur depuis le 01 octobre 2021\nModifié par Ordonnance n°2021-1247 du 29 septembre 2021 - art. 9\n\nEn cas de défaut de conformité, le consommateur a droit à la mise en conformité du bien par réparation ou remplacement ou, à défaut, à la réduction du prix ou à la résolution du contrat, dans les conditions énoncées à la présente sous-section.\n\n Le consommateur a, par ailleurs, le droit de suspendre le paiement de tout ou partie du prix ou la remise de l'avantage prévu au contrat jusqu'à ce que le vendeur ait satisfait aux obligations qui lui incombent au titre du présent chapitre, dans les conditions des articles 1219 et 1220 du code civil.\n\n Les dispositions du présent chapitre sont sans préjudice de l'allocation de dommages et intérêts.\n\nConformément à l'article 21 de l'ordonnance n° 2021-1247 du 29 septembre 2021, ces dispositions s'appliquent aux contrats conclus à compter du 1er janvier 2022.",
    "lastVerified": "2025-09-09"
  },
  "L.217-9": {
    "text": "Article L217-9\nVersion en vigueur depuis le 01 octobre 2021\nModifié par Ordonnance n°2021-1247 du 29 septembre 2021 - art. 9\n\nLe consommateur est en droit d'exiger la mise en conformité du bien aux critères énoncés dans la sous-section 1 de la présente section.\n\nLe consommateur sollicite auprès du vendeur la mise en conformité du bien, en choisissant entre la réparation et le remplacement. A cette fin, le consommateur met le bien à la disposition du vendeur.\n\nConformément à l'article 21 de l'ordonnance n° 2021-1247 du 29 septembre 2021, ces dispositions s'appliquent aux contrats conclus à compter du 1er janvier 2022.",
    "lastVerified": "2025-09-09"
  },
  "L.217-10": {
    "text": "Article L217-10\nVersion en vigueur depuis le 01 octobre 2021\nModifié par Ordonnance n°2021-1247 du 29 septembre 2021 - art. 9\n\nLa mise en conformité du bien a lieu dans un délai raisonnable qui ne peut être supérieur à trente jours suivant la demande du consommateur et sans inconvénient majeur pour lui, compte tenu de la nature du bien et de l'usage recherché par le consommateur.\n\n La réparation ou le remplacement du bien non conforme inclut, s'il y a lieu, l'enlèvement et la reprise de ce bien et l'installation du bien réparé ou du bien de remplacement par le vendeur.\n\n Un décret précise les modalités de la mise en conformité du bien.\n\nConformément à l'article 21 de l'ordonnance n° 2021-1247 du 29 septembre 2021, ces dispositions s'appliquent aux contrats conclus à compter du 1er janvier 2022.",
    "lastVerified": "2025-09-09"
  },
  "L.217-11": {
    "text": "Article L217-11\nVersion en vigueur depuis le 01 octobre 2021\nModifié par Ordonnance n°2021-1247 du 29 septembre 2021 - art. 9\n\nLa mise en conformité du bien a lieu sans aucun frais pour le consommateur.\n\n Le consommateur n'est pas tenu de payer pour l'utilisation normale qu'il a faite du bien remplacé pendant la période antérieure à son remplacement.\n\nConformément à l'article 21 de l'ordonnance n° 2021-1247 du 29 septembre 2021, ces dispositions s'appliquent aux contrats conclus à compter du 1er janvier 2022.",
    "lastVerified": "2025-09-09"
  },
  "L.217-12": {
    "text": "Article L217-12\nVersion en vigueur depuis le 01 octobre 2021\nModifié par Ordonnance n°2021-1247 du 29 septembre 2021 - art. 9\n\nLe vendeur peut ne pas procéder selon le choix opéré par le consommateur si la mise en conformité sollicitée est impossible ou entraîne des coûts disproportionnés au regard notamment :\n\n1° De la valeur qu'aurait le bien en l'absence de défaut de conformité ;\n\n2° De l'importance du défaut de conformité ; et\n\n3° De la possibilité éventuelle d'opter pour l'autre choix sans inconvénient majeur pour le consommateur.\n\nLe vendeur peut refuser la mise en conformité du bien si celle-ci est impossible ou entraîne des coûts disproportionnés notamment au regard des 1° et 2°.\n\nLorsque ces conditions ne sont pas respectées, le consommateur peut, après mise en demeure, poursuivre l'exécution forcée en nature de la solution initialement sollicitée, conformément aux articles 1221 et suivants du code civil.\n\nTout refus par le vendeur de procéder selon le choix du consommateur ou de mettre le bien en conformité, est motivé par écrit ou sur support durable.\n\nConformément à l'article 21 de l'ordonnance n° 2021-1247 du 29 septembre 2021, ces dispositions s'appliquent aux contrats conclus à compter du 1er janvier 2022.",
    "lastVerified": "2025-09-09"
  },
  "L.217-13": {
    "text": "Article L217-13\nVersion en vigueur depuis le 01 octobre 2021\nModifié par Ordonnance n°2021-1247 du 29 septembre 2021 - art. 9\n\nTout bien réparé dans le cadre de la garantie légale de conformité bénéficie d'une extension de cette garantie de six mois.\n\n Dès lors que le consommateur fait le choix de la réparation mais que celle-ci n'est pas mise en œuvre par le vendeur, la mise en conformité par le remplacement du bien fait courir, au bénéfice du consommateur, un nouveau délai de garantie légale de conformité attaché au bien remplacé. Cette disposition s'applique à compter du jour où le bien de remplacement est délivré au consommateur.\n\nConformément à l'article 21 de l'ordonnance n° 2021-1247 du 29 septembre 2021, ces dispositions s'appliquent aux contrats conclus à compter du 1er janvier 2022.",
    "lastVerified": "2025-09-09"
  },
  "L.217-14": {
    "text": "Article L217-14\nVersion en vigueur depuis le 01 octobre 2021\nModifié par Ordonnance n°2021-1247 du 29 septembre 2021 - art. 9\n\nLe consommateur a droit à une réduction du prix du bien ou à la résolution du contrat dans les cas suivants :\n\n 1° Lorsque le professionnel refuse toute mise en conformité ;\n\n 2° Lorsque la mise en conformité intervient au-delà d'un délai de trente jours suivant la demande du consommateur ou si elle lui occasionne un inconvénient majeur ;\n\n 3° Si le consommateur supporte définitivement les frais de reprise ou d'enlèvement du bien non conforme, ou s'il supporte l'installation du bien réparé ou de remplacement ou les frais y afférents ;\n\n 4° Lorsque la non-conformité du bien persiste en dépit de la tentative de mise en conformité du vendeur restée infructueuse.\n\n Le consommateur a également droit à une réduction du prix du bien ou à la résolution du contrat lorsque le défaut de conformité est si grave qu'il justifie que la réduction du prix ou la résolution du contrat soit immédiate. Le consommateur n'est alors pas tenu de demander la réparation ou le remplacement du bien au préalable.\n\n Le consommateur n'a pas droit à la résolution de la vente si le défaut de conformité est mineur, ce qu'il incombe au vendeur de démontrer. Le présent alinéa n'est pas applicable aux contrats dans lesquels le consommateur ne procède pas au paiement d'un prix.\n\nConformément à l'article 21 de l'ordonnance n° 2021-1247 du 29 septembre 2021, ces dispositions s'appliquent aux contrats conclus à compter du 1er janvier 2022.",
    "lastVerified": "2025-09-09"
  },
  "L.217-15": {
    "text": "Article L217-15\nVersion en vigueur depuis le 01 octobre 2021\nModifié par Ordonnance n°2021-1247 du 29 septembre 2021 - art. 9\n\nDans les cas prévus à l'article L. 217-14, le consommateur informe le vendeur de sa décision d'obtenir une réduction du prix du bien.\n\nLa réduction du prix est proportionnelle à la différence entre la valeur du bien délivré et la valeur de ce bien en l'absence du défaut de conformité.\n\nConformément à l'article 21 de l'ordonnance n° 2021-1247 du 29 septembre 2021, ces dispositions s'appliquent aux contrats conclus à compter du 1er janvier 2022.",
    "lastVerified": "2025-09-09"
  },
  "L.217-16": {
    "text": "Article L217-16\nVersion en vigueur depuis le 01 octobre 2021\nModifié par Ordonnance n°2021-1247 du 29 septembre 2021 - art. 9\n\nDans les cas prévus à l'article L. 217-14, le consommateur informe le vendeur de sa décision de résoudre le contrat. Il restitue les biens au vendeur aux frais de ce dernier. Le vendeur rembourse au consommateur le prix payé et restitue tout autre avantage reçu au titre du contrat.\n\nSi le défaut de conformité ne porte que sur certains biens délivrés en vertu du contrat de vente, le consommateur a le droit à la résolution du contrat pour l'ensemble des biens, même ceux non couverts par le présent chapitre, si l'on ne peut raisonnablement attendre de lui qu'il accepte de garder les seuls biens conformes.\n\nPour les contrats mentionnés au II de l'article L. 217-1, prévoyant la vente de biens et, à titre accessoire, la fourniture de services non couverts par le présent chapitre, le consommateur a droit à la résolution de l'ensemble du contrat. En outre, dans le cas d'une offre groupée au sens de l'article L. 224-42-2, le consommateur a le droit à la résolution de l'ensemble des contrats y afférents.\n\nLes obligations respectives des parties au contrat, mentionnées à l'article L. 224-25-22 et relatives aux conséquences de la résolution pour les contenus numériques et les services numériques, sont applicables à la résolution du contrat de vente d'un bien comportant des éléments numériques.\n\nConformément à l'article 21 de l'ordonnance n° 2021-1247 du 29 septembre 2021, ces dispositions s'appliquent aux contrats conclus à compter du 1er janvier 2022.",
    "lastVerified": "2025-09-09"
  },
  "L.217-17": {
    "text": "Article L217-17\nVersion en vigueur depuis le 01 octobre 2021\nModifié par Ordonnance n°2021-1247 du 29 septembre 2021 - art. 9\n\nLe remboursement au consommateur des sommes dues par le vendeur au titre de la présente sous-section est effectué dès réception du bien ou de la preuve de son renvoi par le consommateur et au plus tard dans les quatorze jours suivants.\n\n Le vendeur rembourse ces sommes en recourant au même moyen de paiement que celui utilisé par le consommateur lors de la conclusion du contrat, sauf accord exprès de ce dernier et en tout état de cause sans frais supplémentaire.\n\nConformément à l'article 21 de l'ordonnance n° 2021-1247 du 29 septembre 2021, ces dispositions s'appliquent aux contrats conclus à compter du 1er janvier 2022.",
    "lastVerified": "2025-09-09"
  },
  "L.217-18": {
    "text": "Article L217-18\nVersion en vigueur depuis le 01 octobre 2021\nModifié par Ordonnance n°2021-1247 du 29 septembre 2021 - art. 9\n\nLes mises à jour d'un bien comportant des éléments numériques sont régies par la présente sous-section.\n\n Pour l'application de la présente sous-section, on entend par mises à jour, les mises à jour ou les modifications visant à maintenir, adapter ou faire évoluer les fonctionnalités du bien, y compris les mises à jour de sécurité, que ces mises à jour soient nécessaires ou non au maintien de la conformité du bien.\n\nConformément à l'article 21 de l'ordonnance n° 2021-1247 du 29 septembre 2021, ces dispositions s'appliquent aux contrats conclus à compter du 1er janvier 2022.",
    "lastVerified": "2025-09-09"
  },
  "L.217-19": {
    "text": "Article L217-19\nVersion en vigueur depuis le 01 octobre 2021\nModifié par Ordonnance n°2021-1247 du 29 septembre 2021 - art. 9\n\nI.-Le vendeur veille à ce que le consommateur soit informé et reçoive les mises à jour nécessaires au maintien de la conformité des biens :\n\n 1° Durant une période à laquelle le consommateur peut légitimement s'attendre, eu égard au type et à la finalité des biens et éléments numériques et compte tenu des circonstances et de la nature du contrat, dans le cas d'une opération de fourniture unique du contenu numérique ou du service numérique ;\n\n 2° Durant une période de deux ans à compter du moment où les biens comportant des éléments numériques ont été délivrés, lorsque le contrat de vente prévoit la fourniture continue du contenu numérique ou du service numérique pendant une certaine période ;\n\n 3° Durant la période pendant laquelle le contenu numérique ou le service numérique est fourni en vertu du contrat lorsque celui-ci en prévoit la fourniture continue pendant une durée supérieure à deux ans.\n\n II.-Lorsque le consommateur n'installe pas, dans un délai raisonnable, les mises à jour mentionnées au I, le vendeur n'est pas responsable des défauts de conformité résultant uniquement de la non-installation des mises à jour concernées, à condition que :\n\n 1° Le vendeur ait informé le consommateur de la disponibilité des mises à jour et des conséquences de leur non-installation par le consommateur ; et\n\n 2° La non-installation ou l'installation incorrecte par le consommateur des mises à jour ne soit pas due à des lacunes dans les instructions d'installation fournies au consommateur.\n\nConformément à l'article 21 de l'ordonnance n° 2021-1247 du 29 septembre 2021, ces dispositions s'appliquent aux contrats conclus à compter du 1er janvier 2022.",
    "lastVerified": "2025-09-09"
  },
  "L.217-20": {
    "text": "Article L217-20\nVersion en vigueur depuis le 01 octobre 2021\nModifié par Ordonnance n°2021-1247 du 29 septembre 2021 - art. 9\n\nS'agissant des mises à jour qui ne sont pas nécessaires au maintien de la conformité du bien, le vendeur respecte les conditions suivantes :\n\n1° Le contrat autorise le principe de telles mises à jour et en fournit une raison valable ;\n\n2° Le vendeur informe le consommateur, de manière claire et compréhensible, raisonnablement en avance et sur un support durable, de la mise à jour envisagée en lui précisant la date à laquelle elle intervient ;\n\n3° La mise à jour est effectuée sans coût supplémentaire pour le consommateur ;\n\n4° Le vendeur informe le consommateur que celui-ci est en droit de refuser la mise à jour ou, le cas échéant, de la désinstaller, si la mise à jour a une incidence négative sur son accès au contenu numérique ou au service numérique ou à son utilisation de ceux-ci.\n\nDans ce dernier cas, la résolution du contrat est de droit et sans frais pour le consommateur, dans un délai maximal de trente jours, à moins que la mise à jour n'ait qu'une incidence mineure pour lui. Le consommateur ne peut toutefois résoudre le contrat si le vendeur lui a proposé de conserver le contenu numérique ou le service numérique sans modification, y compris au moyen d'une désinstallation de la mise à jour, et si ce dernier demeure en conformité dans les conditions prévues à la présente section.\n\nLorsque le consommateur exerce son droit à la résolution du contrat, les dispositions des articles L. 217-16 et L. 217-17 s'appliquent.\n\nLe présent article n'est pas applicable en cas d'offre groupée au sens de l'article L. 224-42-2.\n\nConformément à l'article 21 de l'ordonnance n° 2021-1247 du 29 septembre 2021, ces dispositions s'appliquent aux contrats conclus à compter du 1er janvier 2022.",
    "lastVerified": "2025-09-09"
  },
  "L.217-21": {
    "text": "Article L217-21\nVersion en vigueur depuis le 01 octobre 2021\nModifié par Ordonnance n°2021-1247 du 29 septembre 2021 - art. 9\n\nLa garantie commerciale s'entend de tout engagement contractuel d'un professionnel, qu'il s'agisse du vendeur ou du producteur, y compris par l'intermédiaire de toute autre personne agissant en leur nom ou pour leur compte (ci-après dénommé “ garant ”), à l'égard du consommateur. Cet engagement a pour objet le remboursement du prix d'achat, le remplacement, la réparation du bien ou toute autre prestation de service en relation avec le bien, ou encore toute exigence éventuelle non liée à la conformité et énoncée dans la garantie commerciale, en sus des obligations légales du vendeur visant à garantir la conformité du bien.\n\n Toute garantie commerciale lie le garant conformément aux conditions qu'elle prévoit ou aux conditions indiquées dans la publicité qui en a été faite antérieurement à la conclusion du contrat si les conditions de cette publicité sont plus favorables, sauf si le garant démontre que la publicité a été rectifiée avant la conclusion du contrat selon des modalités identiques ou comparables à la publicité initiale.\n\nConformément à l'article 21 de l'ordonnance n° 2021-1247 du 29 septembre 2021, ces dispositions s'appliquent aux contrats conclus à compter du 1er janvier 2022.",
    "lastVerified": "2025-09-09"
  },
  "L.217-22": {
    "text": "Article L217-22\nVersion en vigueur depuis le 01 janvier 2022\nModifié par LOI n°2021-1755 du 23 décembre 2021 - art. 2 (V)\n\nLa garantie commerciale est fournie au consommateur de manière lisible et compréhensible sur tout support durable, et au plus tard au moment de la délivrance du bien. Elle précise le contenu de la garantie commerciale, les modalités de sa mise en œuvre, son prix, sa durée, son étendue territoriale ainsi que le nom et les coordonnées postales et téléphoniques du garant.\n\nEn cas de non-respect de ces dispositions, la garantie commerciale demeure contraignante pour le garant.\n\nEn outre, la garantie commerciale indique, de façon claire et précise, qu'elle s'applique sans préjudice du droit pour le consommateur de bénéficier de la garantie légale de conformité, dans les conditions prévues au présent chapitre, et de celle relative aux vices cachés, dans les conditions prévues aux articles 1641 à 1649 du code civil. Un décret fixe les modalités de cette information.\n\nConformément au II de l'article 2 de la loi n° 2021-1755 du 23 décembre 2021, ces dispositions entrent en vigueur le 1er janvier 2022.",
    "lastVerified": "2025-09-09"
  },
  "L.217-23": {
    "text": "Article L217-23\nVersion en vigueur depuis le 01 janvier 2022\nModifié par LOI n°2021-1755 du 23 décembre 2021 - art. 2 (V)\n\nLe producteur peut consentir au consommateur une garantie commerciale l'engageant pendant une période donnée, supérieure à deux ans, dénommée “ garantie commerciale de durabilité ”. S'il propose une telle garantie commerciale de durabilité, le producteur est directement tenu, à l'égard du consommateur, de réparer ou de remplacer le bien, pendant la période indiquée dans l'offre de garantie commerciale de durabilité ; il est également tenu de mettre celle-ci en œuvre dans des conditions identiques à la garantie légale.\n\nLe producteur peut offrir au consommateur des conditions plus favorables que celles décrites au premier alinéa.\n\nLes exigences prévues à l'article L. 217-22 sont applicables à la garantie commerciale de durabilité.\n\nConformément au II de l'article 2 de la loi n° 2021-1755 du 23 décembre 2021, ces dispositions entrent en vigueur le 1er janvier 2022.",
    "lastVerified": "2025-09-09"
  },
  "L.217-24": {
    "text": "Article L217-24\nVersion en vigueur depuis le 01 octobre 2021\nCréation Ordonnance n°2021-1247 du 29 septembre 2021 - art. 9\n\nI.-Tout professionnel opérant dans un secteur économique mentionné au III du présent article peut demander à l'autorité administrative chargée de la concurrence et de la consommation de prendre formellement position sur la conformité aux articles L. 217-21 à L. 217-23 de la garantie commerciale qu'il envisage de mettre en place.\n\nCette prise de position formelle a pour objet de prémunir ce professionnel d'un changement d'appréciation de l'autorité administrative qui serait de nature à l'exposer à la sanction administrative prévue à l'article L. 241-14.\n\nL'autorité administrative prend formellement position sur cette demande dans un délai fixé par décret en Conseil d'Etat.\n\nLe silence gardé par l'autorité administrative à l'issue de ce délai vaut rejet de cette demande.\n\nII.-La validité de la prise de position mentionnée au I prend fin à compter de la date à laquelle :\n\n1° La situation du professionnel n'est plus identique à celle présentée dans sa demande ;\n\n2° Est entrée en vigueur une modification de dispositions législatives ou réglementaires de nature à affecter cette validité ;\n\n3° L'autorité administrative notifie au professionnel, après l'avoir préalablement informé, la modification de son appréciation.\n\nIII.-Un décret en Conseil d'Etat précise les secteurs économiques mentionnés au I, dans lesquels se posent des difficultés particulières en matière de garantie commerciale appréciées en fonction de l'importance des manquements et des plaintes qui y sont constatés, de l'importance du surcoût supporté par les consommateurs lié à la garantie commerciale ou de la nature et de la récurrence des difficultés d'interprétation qu'y font naître les règles relatives aux garanties commerciales.\n\nConformément à l'article 21 de l'ordonnance n° 2021-1247 du 29 septembre 2021, ces dispositions s'appliquent aux contrats conclus à compter du 1er janvier 2022.",
    "lastVerified": "2025-09-09"
  },
  "L.217-25": {
    "text": "Article L217-25\nVersion en vigueur depuis le 01 octobre 2021\nCréation Ordonnance n°2021-1247 du 29 septembre 2021 - art. 9\n\nLa prestation de service après-vente au sens du présent chapitre s'entend de tout service afférent au bien vendu exécuté par le vendeur ne relevant pas de la garantie légale et n'étant pas prévu par une garantie commerciale. Elle fait l'objet d'un contrat dont un exemplaire est remis au consommateur.\n\nConformément à l'article 21 de l'ordonnance n° 2021-1247 du 29 septembre 2021, ces dispositions s'appliquent aux contrats conclus à compter du 1er janvier 2022.",
    "lastVerified": "2025-09-09"
  },
  "L.217-26": {
    "text": "Article L217-26\nVersion en vigueur depuis le 01 octobre 2021\nCréation Ordonnance n°2021-1247 du 29 septembre 2021 - art. 9\n\nLorsqu'il propose des réparations forfaitaires, le vendeur informe le consommateur par écrit ou sur un support durable, au plus tard lors de la conclusion du contrat, le cas échéant, de l'origine de la panne, de la nature de l'intervention envisagée et des pièces à remplacer.\n\n Il informe dans les mêmes conditions le consommateur que ce dernier ne bénéficie pas de la garantie légale de conformité pour les pièces ou fournitures fournies à titre accessoire dans le cadre de la prestation effectuée, à moins que celles-ci constituent l'objet principal du contrat conclu ou qu'elles n'aient été acquises par le consommateur dans le cadre d'un contrat de vente distinct.\n\nConformément à l'article 21 de l'ordonnance n° 2021-1247 du 29 septembre 2021, ces dispositions s'appliquent aux contrats conclus à compter du 1er janvier 2022.",
    "lastVerified": "2025-09-09"
  },
  "L.217-27": {
    "text": "Article L217-27\nVersion en vigueur depuis le 01 octobre 2021\nCréation Ordonnance n°2021-1247 du 29 septembre 2021 - art. 9\n\nLes dispositions de la présente section sont également applicables au producteur et aux professionnels, autres que le vendeur, lorsqu'ils proposent des prestations de services après-vente.\n\nConformément à l'article 21 de l'ordonnance n° 2021-1247 du 29 septembre 2021, ces dispositions s'appliquent aux contrats conclus à compter du 1er janvier 2022.",
    "lastVerified": "2025-09-09"
  },
  "L.217-28": {
    "text": "Article L217-28\nVersion en vigueur depuis le 01 octobre 2021\nCréation Ordonnance n°2021-1247 du 29 septembre 2021 - art. 9\n\nLorsque le consommateur demande au garant, pendant le cours de la garantie légale ou de la garantie commerciale qui lui a été consentie lors de l'acquisition ou de la réparation d'un bien, une remise en état couverte par cette garantie, toute période d'immobilisation suspend la garantie qui restait à courir jusqu'à la délivrance du bien remis en état.\n\n Cette période court à compter de la demande d'intervention du consommateur ou de la mise à disposition pour réparation ou remplacement du bien en cause, si ce point de départ s'avère plus favorable au consommateur.\n\n Le délai de garantie est également suspendu lorsque le consommateur et le garant entrent en négociation en vue d'un règlement à l'amiable.\n\nConformément à l'article 21 de l'ordonnance n° 2021-1247 du 29 septembre 2021, ces dispositions s'appliquent aux contrats conclus à compter du 1er janvier 2022.",
    "lastVerified": "2025-09-09"
  },
  "L.612-1": {
    "text": "Article L612-1\nVersion en vigueur depuis le 01 juillet 2016\nCréation Ordonnance n°2016-301 du 14 mars 2016 - art.\n\nTout consommateur a le droit de recourir gratuitement à un médiateur de la consommation en vue de la résolution amiable du litige qui l'oppose à un professionnel. A cet effet, le professionnel garantit au consommateur le recours effectif à un dispositif de médiation de la consommation.\nLe professionnel peut mettre en place son propre dispositif de médiation de la consommation ou proposer au consommateur le recours à tout autre médiateur de la consommation répondant aux exigences du présent titre.\nLorsqu'il existe un médiateur de la consommation dont la compétence s'étend à l'ensemble des entreprises d'un domaine d'activité économique dont il relève, le professionnel permet toujours au consommateur d'y recourir.\nLes modalités selon lesquelles le processus de médiation est mis en œuvre sont précisées par décret en Conseil d'Etat.",
    "lastVerified": "2025-09-09"
  },
  "L.612-2": {
    "text": "Article L612-2\nVersion en vigueur depuis le 01 juillet 2016\nCréation Ordonnance n°2016-301 du 14 mars 2016 - art.\n\nUn litige ne peut être examiné par le médiateur de la consommation lorsque :\n1° Le consommateur ne justifie pas avoir tenté, au préalable, de résoudre son litige directement auprès du professionnel par une réclamation écrite selon les modalités prévues, le cas échéant, dans le contrat ;\n2° La demande est manifestement infondée ou abusive ;\n3° Le litige a été précédemment examiné ou est en cours d'examen par un autre médiateur ou par un tribunal ;\n4° Le consommateur a introduit sa demande auprès du médiateur dans un délai supérieur à un an à compter de sa réclamation écrite auprès du professionnel ;\n5° Le litige n'entre pas dans son champ de compétence.\nLe consommateur est informé par le médiateur, dans un délai de trois semaines à compter de la réception de son dossier, du rejet de sa demande de médiation.",
    "lastVerified": "2025-09-09"
  },
  "L.612-3": {
    "text": "Article L612-3\nVersion en vigueur depuis le 01 juillet 2016\nCréation Ordonnance n°2016-301 du 14 mars 2016 - art.\n\nLa médiation des litiges de consommation est soumise à l'obligation de confidentialité prévue par l'article 21-3 de la loi n° 95-125 du 8 février 1995 relative à l'organisation des juridictions et de la procédure civile, pénale et administrative.",
    "lastVerified": "2025-09-09"
  },
  "L.612-4": {
    "text": "Article L612-4\nVersion en vigueur depuis le 01 juillet 2016\nCréation Ordonnance n°2016-301 du 14 mars 2016 - art.\n\nEst interdite toute clause ou convention obligeant le consommateur, en cas de litige, à recourir obligatoirement à une médiation préalablement à la saisine du juge.",
    "lastVerified": "2025-09-09"
  },
  "L.612-5": {
    "text": "Article L612-5\nVersion en vigueur depuis le 01 juillet 2016\nCréation Ordonnance n°2016-301 du 14 mars 2016 - art.\n\nLorsqu'un médiateur public est compétent pour procéder à la médiation d'un litige de consommation, ce litige ne peut donner lieu à d'autres procédures de médiation conventionnelle, au sens du présent titre, sous réserve de l'existence d'une convention, notifiée à la commission d'évaluation et de contrôle de la médiation mentionnée à l'article L. 615-1, qui répartit les litiges entre les médiateurs concernés.",
    "lastVerified": "2025-09-09"
  },
  "L.811-1": {
    "text": "Article L122-10 (abrogé)\n\nVersion en vigueur du 27 juillet 1993 au 01 juillet 2016\nAbrogé par Ordonnance n°2016-301 du 14 mars 2016 - art. 34 (V)\nCréation Loi 93-949 1993-07-26 annexe JORF 27 juillet 1993",
    "lastVerified": "2025-09-09"
  },
  "1642.1": {
    "text": "Article 22 bis (abrogé)\n\nVersion en vigueur du 22 octobre 1999 au 01 décembre 2005\nAbrogé par Décret n°2005-1476 du 29 novembre 2005 - art. 5 (V) JORF 1er décembre 2005\nCréation Décret 99-893 1999-10-09 art. 2 II JORF 22 octobre 1999",
    "lastVerified": "2025-09-09"
  },
  "1646.1": {
    "text": "Article 27 (abrogé)\n\nVersion en vigueur du 01 octobre 1965 au 01 janvier 2007\nAbrogé par Décret n°2006-1592 du 13 décembre 2006 - art. 32 (V) JORF 14 décembre 2006 en vigueur le 1er janvier 2007",
    "lastVerified": "2025-09-09"
  }
}
